Gene_set,Term,Overlap,P-value,Adjusted P-value,Old P-value,Old Adjusted P-value,Odds Ratio,Combined Score,Genes
KEGG_2021_Human,Phosphatidylinositol signaling system,74/97,1.7543726015339803e-124,3.3859391209605816e-122,0,0,356.5339521250611,101597.35888668858,DGKG;PI4K2B;CALML5;CALML6;DGKA;MTMR14;INPPL1;PTEN;PIK3CD;CALML3;PIK3C2G;CALML4;PIK3CB;PIK3C2A;PIK3C2B;PIP4P2;PIP4P1;PLCZ1;PIP4K2A;PLCE1;PIP4K2B;PIP4K2C;PRKCG;PRKCB;IPMK;OCRL;PRKCA;DGKZ;INPP4A;INPP4B;PLCB3;PLCB4;PIK3CA;DGKQ;ITPKA;PIK3C3;PLCB1;PLCB2;PI4K2A;MTMR1;MTMR2;MTMR3;INPP1;ITPR1;MTMR8;ITPR2;PIK3R3;ITPR3;PIK3R2;PIK3R1;MTMR4;MTMR6;MTM1;MTMR7;INPP5B;INPP5A;INPP5F;INPP5D;INPP5E;PLCG2;PIP5K1A;PIP5K1B;PIP5K1C;PLCG1;CDIPT;SYNJ2;PIKFYVE;SYNJ1;PI4KA;CALM3;PI4KB;PLCD3;PLCD4;PLCD1
GO_Biological_Process_2021,Phosphatidylinositol signaling system,74/97,1.7543726015339803e-124,3.3859391209605816e-122,0,0,356.5339521250611,101597.35888668858,DGKG;PI4K2B;CALML5;CALML6;DGKA;MTMR14;INPPL1;PTEN;PIK3CD;CALML3;PIK3C2G;CALML4;PIK3CB;PIK3C2A;PIK3C2B;PIP4P2;PIP4P1;PLCZ1;PIP4K2A;PLCE1;PIP4K2B;PIP4K2C;PRKCG;PRKCB;IPMK;OCRL;PRKCA;DGKZ;INPP4A;INPP4B;PLCB3;PLCB4;PIK3CA;DGKQ;ITPKA;PIK3C3;PLCB1;PLCB2;PI4K2A;MTMR1;MTMR2;MTMR3;INPP1;ITPR1;MTMR8;ITPR2;PIK3R3;ITPR3;PIK3R2;PIK3R1;MTMR4;MTMR6;MTM1;MTMR7;INPP5B;INPP5A;INPP5F;INPP5D;INPP5E;PLCG2;PIP5K1A;PIP5K1B;PIP5K1C;PLCG1;CDIPT;SYNJ2;PIKFYVE;SYNJ1;PI4KA;CALM3;PI4KB;PLCD3;PLCD4;PLCD1
GO_Biological_Process_2021,Inositol phosphate metabolism,59/73,1.777786569178183e-101,1.7155640392569466e-99,0,0,430.9052553663952,99963.8682027652,PI4K2B;MTMR14;INPPL1;PTEN;PIK3CD;PIK3C2G;PIK3CB;PIK3C2A;PIK3CG;PIK3C2B;PLCZ1;PIP5KL1;PIP4K2A;PLCE1;PIP4K2B;PIP4K2C;IPMK;OCRL;INPP4A;INPP4B;MINPP1;PLCB3;PLCB4;PIK3CA;ITPKA;PIK3C3;PLCB1;PLCB2;PI4K2A;MTMR1;MTMR2;MTMR3;INPP1;MTMR8;MTMR4;MTMR6;MTM1;MTMR7;INPP5B;INPP5A;INPP5F;INPP5D;INPP5E;PLCG2;PIP5K1A;PIP5K1B;PIP5K1C;PLCG1;CDIPT;SYNJ2;PIKFYVE;SYNJ1;PI4KA;PLCH1;PI4KB;PLCH2;PLCD3;PLCD4;PLCD1
KEGG_2021_Human,Inositol phosphate metabolism,59/73,1.777786569178183e-101,1.7155640392569466e-99,0,0,430.9052553663952,99963.8682027652,PI4K2B;MTMR14;INPPL1;PTEN;PIK3CD;PIK3C2G;PIK3CB;PIK3C2A;PIK3CG;PIK3C2B;PLCZ1;PIP5KL1;PIP4K2A;PLCE1;PIP4K2B;PIP4K2C;IPMK;OCRL;INPP4A;INPP4B;MINPP1;PLCB3;PLCB4;PIK3CA;ITPKA;PIK3C3;PLCB1;PLCB2;PI4K2A;MTMR1;MTMR2;MTMR3;INPP1;MTMR8;MTMR4;MTMR6;MTM1;MTMR7;INPP5B;INPP5A;INPP5F;INPP5D;INPP5E;PLCG2;PIP5K1A;PIP5K1B;PIP5K1C;PLCG1;CDIPT;SYNJ2;PIKFYVE;SYNJ1;PI4KA;PLCH1;PI4KB;PLCH2;PLCD3;PLCD4;PLCD1
KEGG_2021_Human,Rap1 signaling pathway,62/210,1.6154207669045404e-68,1.0392540267085876e-66,0,0,43.21479374110953,6745.664691963708,ITGB1;CALML5;CALML6;CTNND1;PIK3CD;CALML3;CALML4;PIK3CB;CRKL;RAC2;PLCE1;RAC3;RAC1;HRAS;PRKCG;VAV3;MAGI1;PRKCI;PRKCB;MAGI3;MAGI2;PRKCA;RHOA;VAV1;VAV2;TIAM1;PLCB3;MRAS;PLCB4;PIK3CA;PARD3;RAPGEF1;RAPGEF2;LCP2;PLCB1;RAF1;PLCB2;CRK;SRC;GNAI3;PIK3R3;PARD6G;PIK3R2;PIK3R1;PRKCZ;GNAI1;GNAI2;RAP1B;CDC42;NRAS;PARD6B;RAP1A;PARD6A;RRAS;PLCG1;BRAF;AFDN;GNAQ;CALM3;KRAS;LAT;BCAR1
GO_Biological_Process_2021,Rap1 signaling pathway,62/210,1.6154207669045404e-68,1.0392540267085876e-66,0,0,43.21479374110953,6745.664691963708,ITGB1;CALML5;CALML6;CTNND1;PIK3CD;CALML3;CALML4;PIK3CB;CRKL;RAC2;PLCE1;RAC3;RAC1;HRAS;PRKCG;VAV3;MAGI1;PRKCI;PRKCB;MAGI3;MAGI2;PRKCA;RHOA;VAV1;VAV2;TIAM1;PLCB3;MRAS;PLCB4;PIK3CA;PARD3;RAPGEF1;RAPGEF2;LCP2;PLCB1;RAF1;PLCB2;CRK;SRC;GNAI3;PIK3R3;PARD6G;PIK3R2;PIK3R1;PRKCZ;GNAI1;GNAI2;RAP1B;CDC42;NRAS;PARD6B;RAP1A;PARD6A;RRAS;PLCG1;BRAF;AFDN;GNAQ;CALM3;KRAS;LAT;BCAR1
KEGG_2021_Human,Chemokine signaling pathway,56/192,2.171078294285502e-61,1.047545276992755e-59,0,0,41.20168067226891,5755.152389258469,ITK;PIK3CD;PIK3CB;PIK3CG;CRKL;PREX1;RAC2;RAC3;RAC1;HRAS;VAV3;PRKCB;PRKCD;RHOA;VAV1;VAV2;FGR;TIAM1;HCK;PLCB3;PLCB4;PIK3CA;PARD3;RAF1;PLCB1;SOS1;CRK;PLCB2;SOS2;ROCK1;SHC1;SRC;PXN;GNAI3;WAS;PIK3R3;PIK3R2;PIK3R1;PRKCZ;PIK3R6;GNAI1;PIK3R5;GNAI2;RAP1B;CDC42;NRAS;RAP1A;PLCG2;PLCG1;LYN;BRAF;PTK2;GNAQ;GRB2;KRAS;BCAR1
GO_Biological_Process_2021,Chemokine signaling pathway,56/192,2.171078294285502e-61,1.047545276992755e-59,0,0,41.20168067226891,5755.152389258469,ITK;PIK3CD;PIK3CB;PIK3CG;CRKL;PREX1;RAC2;RAC3;RAC1;HRAS;VAV3;PRKCB;PRKCD;RHOA;VAV1;VAV2;FGR;TIAM1;HCK;PLCB3;PLCB4;PIK3CA;PARD3;RAF1;PLCB1;SOS1;CRK;PLCB2;SOS2;ROCK1;SHC1;SRC;PXN;GNAI3;WAS;PIK3R3;PIK3R2;PIK3R1;PRKCZ;PIK3R6;GNAI1;PIK3R5;GNAI2;RAP1B;CDC42;NRAS;RAP1A;PLCG2;PLCG1;LYN;BRAF;PTK2;GNAQ;GRB2;KRAS;BCAR1
GO_Biological_Process_2021,Focal adhesion,51/201,2.4333778297049e-52,9.392838422660917e-51,0,0,33.15084577114428,3939.817055643686,ITGB1;PTEN;ILK;PIK3CD;LAMC2;PIK3CB;CRKL;RAC2;RAC3;RAC1;HRAS;PRKCG;VAV3;PRKCB;PDPK1;ACTN1;ITGA2;PRKCA;ACTN4;RHOA;VAV1;VAV2;PIK3CA;RAPGEF1;RAF1;SOS1;CRK;DOCK1;SOS2;VCL;ROCK1;SHC1;SRC;PXN;PIK3R3;PIK3R2;PIK3R1;RAP1B;CDC42;RAP1A;PIP5K1A;PIP5K1B;FYN;PIP5K1C;CAV3;CAV2;CAV1;BRAF;PTK2;GRB2;BCAR1
KEGG_2021_Human,Focal adhesion,51/201,2.4333778297049e-52,9.392838422660917e-51,0,0,33.15084577114428,3939.817055643686,ITGB1;PTEN;ILK;PIK3CD;LAMC2;PIK3CB;CRKL;RAC2;RAC3;RAC1;HRAS;PRKCG;VAV3;PRKCB;PDPK1;ACTN1;ITGA2;PRKCA;ACTN4;RHOA;VAV1;VAV2;PIK3CA;RAPGEF1;RAF1;SOS1;CRK;DOCK1;SOS2;VCL;ROCK1;SHC1;SRC;PXN;PIK3R3;PIK3R2;PIK3R1;RAP1B;CDC42;RAP1A;PIP5K1A;PIP5K1B;FYN;PIP5K1C;CAV3;CAV2;CAV1;BRAF;PTK2;GRB2;BCAR1
KEGG_2021_Human,Regulation of actin cytoskeleton,52/218,7.682480116788548e-52,2.471197770900316e-50,0,0,30.670602409638555,3609.791346370562,ITGB1;PIK3CD;WASL;PIK3CB;CRKL;RAC2;PIP4K2A;RAC3;PIP4K2B;PIP4K2C;RAC1;HRAS;VAV3;ACTN1;ITGA2;INSRR;RRAS2;ACTN4;RHOA;VAV1;VAV2;TIAM1;MRAS;PIK3CA;EZR;ARHGEF7;RAF1;SOS1;CRK;DOCK1;SOS2;VCL;ARHGEF6;ROCK1;SRC;PXN;PIK3R3;PIK3R2;PIK3R1;CDC42;NRAS;RRAS;PIP5K1A;PIP5K1B;PIP5K1C;MSN;BRAF;BAIAP2;PTK2;PIKFYVE;KRAS;BCAR1
GO_Biological_Process_2021,Regulation of actin cytoskeleton,52/218,7.682480116788548e-52,2.471197770900316e-50,0,0,30.670602409638555,3609.791346370562,ITGB1;PIK3CD;WASL;PIK3CB;CRKL;RAC2;PIP4K2A;RAC3;PIP4K2B;PIP4K2C;RAC1;HRAS;VAV3;ACTN1;ITGA2;INSRR;RRAS2;ACTN4;RHOA;VAV1;VAV2;TIAM1;MRAS;PIK3CA;EZR;ARHGEF7;RAF1;SOS1;CRK;DOCK1;SOS2;VCL;ARHGEF6;ROCK1;SRC;PXN;PIK3R3;PIK3R2;PIK3R1;CDC42;NRAS;RRAS;PIP5K1A;PIP5K1B;PIP5K1C;MSN;BRAF;BAIAP2;PTK2;PIKFYVE;KRAS;BCAR1
GO_Biological_Process_2021,Proteoglycans in cancer,49/205,7.340892321256503e-49,2.0239888828607216e-47,0,0,30.31476569407604,3359.8827665598665,ITGB1;PIK3CD;PIK3CB;PLCE1;RAC1;HRAS;PRKCG;VAV3;PRKCB;PDPK1;ITGA2;GAB1;RRAS2;PRKCA;RHOA;VAV1;VAV2;TIAM1;MRAS;PIK3CA;EZR;RAF1;SOS1;SOS2;ROCK1;SRC;PXN;ITPR1;PIK3R3;ITPR2;PIK3R2;ITPR3;PIK3R1;CBL;CDC42;NRAS;RRAS;PLCG2;PLCG1;CAV3;CAV2;CAV1;MSN;BRAF;PTPN11;PTK2;GRB2;KRAS;PTPN6
KEGG_2021_Human,Proteoglycans in cancer,49/205,7.340892321256503e-49,2.0239888828607216e-47,0,0,30.31476569407604,3359.8827665598665,ITGB1;PIK3CD;PIK3CB;PLCE1;RAC1;HRAS;PRKCG;VAV3;PRKCB;PDPK1;ITGA2;GAB1;RRAS2;PRKCA;RHOA;VAV1;VAV2;TIAM1;MRAS;PIK3CA;EZR;RAF1;SOS1;SOS2;ROCK1;SRC;PXN;ITPR1;PIK3R3;ITPR2;PIK3R2;ITPR3;PIK3R1;CBL;CDC42;NRAS;RRAS;PLCG2;PLCG1;CAV3;CAV2;CAV1;MSN;BRAF;PTPN11;PTK2;GRB2;KRAS;PTPN6
GO_Biological_Process_2021,Ras signaling pathway,50/232,2.0008972931472127e-47,4.8271647197176516e-46,0,0,26.61027091720161,2861.3466471308693,CALML5;CALML6;PIK3CD;CALML3;CALML4;PIK3CB;RASSF1;RAC2;PLCE1;RAC3;RAC1;HRAS;PRKCG;RALBP1;PRKCB;GAB1;RRAS2;PRKCA;GAB2;RHOA;TIAM1;ZAP70;MRAS;PIK3CA;RASA1;RIN1;RAF1;SOS1;SOS2;ARF6;SHC1;PIK3R3;PIK3R2;PIK3R1;RAP1B;CDC42;NRAS;RAP1A;RRAS;PLCG2;ABL1;ABL2;PLCG1;PTPN11;AFDN;NF1;CALM3;GRB2;KRAS;LAT
KEGG_2021_Human,Ras signaling pathway,50/232,2.0008972931472127e-47,4.8271647197176516e-46,0,0,26.61027091720161,2861.3466471308693,CALML5;CALML6;PIK3CD;CALML3;CALML4;PIK3CB;RASSF1;RAC2;PLCE1;RAC3;RAC1;HRAS;PRKCG;RALBP1;PRKCB;GAB1;RRAS2;PRKCA;GAB2;RHOA;TIAM1;ZAP70;MRAS;PIK3CA;RASA1;RIN1;RAF1;SOS1;SOS2;ARF6;SHC1;PIK3R3;PIK3R2;PIK3R1;RAP1B;CDC42;NRAS;RAP1A;RRAS;PLCG2;ABL1;ABL2;PLCG1;PTPN11;AFDN;NF1;CALM3;GRB2;KRAS;LAT
GO_Biological_Process_2021,Leukocyte transendothelial migration,38/114,4.1219116439692353e-44,8.839210525400692e-43,0,0,45.96261682242991,4591.54716080369,ITGB1;ITK;ROCK1;TXK;CTNND1;PXN;GNAI3;PIK3R3;PIK3CD;PIK3R2;PIK3R1;PIK3CB;GNAI1;GNAI2;RAP1B;CDC42;RAP1A;PLCG2;RAC2;PLCG1;RAC1;PRKCG;VAV3;PRKCB;ACTN1;MSN;PRKCA;PTPN11;ACTN4;PTK2;RHOA;VAV1;VAV2;AFDN;PIK3CA;EZR;VCL;BCAR1
KEGG_2021_Human,Leukocyte transendothelial migration,38/114,4.1219116439692353e-44,8.839210525400692e-43,0,0,45.96261682242991,4591.54716080369,ITGB1;ITK;ROCK1;TXK;CTNND1;PXN;GNAI3;PIK3R3;PIK3CD;PIK3R2;PIK3R1;PIK3CB;GNAI1;GNAI2;RAP1B;CDC42;RAP1A;PLCG2;RAC2;PLCG1;RAC1;PRKCG;VAV3;PRKCB;ACTN1;MSN;PRKCA;PTPN11;ACTN4;PTK2;RHOA;VAV1;VAV2;AFDN;PIK3CA;EZR;VCL;BCAR1
KEGG_2021_Human,Phospholipase D signaling pathway,41/148,8.8449487515861655e-44,1.70707510905613e-42,0,0,35.668202152633214,3535.9278982842293,DGKG;SHC1;DGKA;PIK3R3;PIK3CD;PIK3R2;PIK3R1;PIK3CB;PIK3R6;PIK3CG;PIK3R5;NRAS;RRAS;PLCG2;PIP5K1A;PIP5K1B;FYN;PIP5K1C;PLCG1;HRAS;SYK;GAB1;RRAS2;PRKCA;PTPN11;GAB2;DGKZ;RHOA;PLCB3;MRAS;PLCB4;PIK3CA;DGKQ;GRB2;KRAS;RAF1;PLCB1;SOS1;PLCB2;SOS2;ARF6
GO_Biological_Process_2021,Phospholipase D signaling pathway,41/148,8.8449487515861655e-44,1.70707510905613e-42,0,0,35.668202152633214,3535.9278982842293,DGKG;SHC1;DGKA;PIK3R3;PIK3CD;PIK3R2;PIK3R1;PIK3CB;PIK3R6;PIK3CG;PIK3R5;NRAS;RRAS;PLCG2;PIP5K1A;PIP5K1B;FYN;PIP5K1C;PLCG1;HRAS;SYK;GAB1;RRAS2;PRKCA;PTPN11;GAB2;DGKZ;RHOA;PLCB3;MRAS;PLCB4;PIK3CA;DGKQ;GRB2;KRAS;RAF1;PLCB1;SOS1;PLCB2;SOS2;ARF6
KEGG_2021_Human,"Growth hormone synthesis, secretion and action",37/119,1.1834297432982051e-41,2.0763812768777603e-40,0,0,41.27294384571753,3889.46201847029,SHC1;IRS4;ITPR1;GNAI3;ITPR2;PIK3R3;PIK3CD;IRS2;ITPR3;PIK3R2;PIK3R1;PIK3CB;GNAI1;CRKL;GNAI2;NRAS;GNA11;PLCG2;PLCG1;HRAS;PRKCG;PRKCB;PRKCA;PTK2;PLCB3;PLCB4;PIK3CA;GNAQ;GRB2;KRAS;RAF1;PLCB1;SOS1;CRK;PLCB2;SOS2;BCAR1
GO_Biological_Process_2021,"Growth hormone synthesis, secretion and action",37/119,1.1834297432982051e-41,2.0763812768777603e-40,0,0,41.27294384571753,3889.46201847029,SHC1;IRS4;ITPR1;GNAI3;ITPR2;PIK3R3;PIK3CD;IRS2;ITPR3;PIK3R2;PIK3R1;PIK3CB;GNAI1;CRKL;GNAI2;NRAS;GNA11;PLCG2;PLCG1;HRAS;PRKCG;PRKCB;PRKCA;PTK2;PLCB3;PLCB4;PIK3CA;GNAQ;GRB2;KRAS;RAF1;PLCB1;SOS1;CRK;PLCB2;SOS2;BCAR1
GO_Biological_Process_2021,Fc epsilon RI signaling pathway,31/68,2.827054928550297e-41,4.546846676751727e-40,0,0,74.72679466797113,6976.998202982127,PIK3CD;PIK3R3;PIK3R2;PIK3CB;PIK3R1;NRAS;INPP5D;RAC2;PLCG2;RAC3;FYN;RAC1;PLCG1;HRAS;VAV3;LYN;SYK;PDPK1;PRKCA;GAB2;VAV1;VAV2;PIK3CA;BTK;LCP2;GRB2;KRAS;RAF1;SOS1;SOS2;LAT
KEGG_2021_Human,Fc epsilon RI signaling pathway,31/68,2.827054928550297e-41,4.546846676751727e-40,0,0,74.72679466797113,6976.998202982127,PIK3CD;PIK3R3;PIK3R2;PIK3CB;PIK3R1;NRAS;INPP5D;RAC2;PLCG2;RAC3;FYN;RAC1;PLCG1;HRAS;VAV3;LYN;SYK;PDPK1;PRKCA;GAB2;VAV1;VAV2;PIK3CA;BTK;LCP2;GRB2;KRAS;RAF1;SOS1;SOS2;LAT
GO_Biological_Process_2021,Fc gamma R-mediated phagocytosis,34/97,2.1573537955904713e-40,3.2028406349920066e-39,0,0,48.732343090141256,4450.945230097049,INPPL1;WAS;PIK3R3;PIK3CD;PIK3R2;PIK3R1;PIK3CB;CRKL;CDC42;INPP5D;PLCG2;RAC2;PIP5K1A;PIP5K1B;PIP5K1C;PLCG1;RAC1;PRKCG;LYN;VAV3;SYK;PRKCB;PRKCD;PRKCA;GAB2;VAV1;VAV2;HCK;PIK3CA;RAF1;CRK;DOCK1;LAT;ARF6
KEGG_2021_Human,Fc gamma R-mediated phagocytosis,34/97,2.1573537955904713e-40,3.2028406349920066e-39,0,0,48.732343090141256,4450.945230097049,INPPL1;WAS;PIK3R3;PIK3CD;PIK3R2;PIK3R1;PIK3CB;CRKL;CDC42;INPP5D;PLCG2;RAC2;PIP5K1A;PIP5K1B;PIP5K1C;PLCG1;RAC1;PRKCG;LYN;VAV3;SYK;PRKCB;PRKCD;PRKCA;GAB2;VAV1;VAV2;HCK;PIK3CA;RAF1;CRK;DOCK1;LAT;ARF6
KEGG_2021_Human,Human cytomegalovirus infection,44/225,1.0197173554355984e-39,1.405753211421932e-38,0,0,22.868359541011475,2053.150891591288,CALML5;ROCK1;CALML6;SRC;PXN;GNAI3;ITPR1;PIK3R3;ITPR2;PIK3CD;CALML3;PIK3R2;ITPR3;CALML4;PIK3R1;PIK3CB;GNAI1;CRKL;GNAI2;NRAS;GNA11;RAC2;RAC3;RAC1;HRAS;PRKCG;PRKCB;PRKCA;PTK2;RHOA;PLCB3;PLCB4;PIK3CA;GNAQ;CALM3;GRB2;KRAS;PLCB1;RAF1;SOS1;PLCB2;CRK;SOS2;BCAR1
GO_Biological_Process_2021,Human cytomegalovirus infection,44/225,1.0197173554355984e-39,1.405753211421932e-38,0,0,22.868359541011475,2053.150891591288,CALML5;ROCK1;CALML6;SRC;PXN;GNAI3;ITPR1;PIK3R3;ITPR2;PIK3CD;CALML3;PIK3R2;ITPR3;CALML4;PIK3R1;PIK3CB;GNAI1;CRKL;GNAI2;NRAS;GNA11;RAC2;RAC3;RAC1;HRAS;PRKCG;PRKCB;PRKCA;PTK2;RHOA;PLCB3;PLCB4;PIK3CA;GNAQ;CALM3;GRB2;KRAS;PLCB1;RAF1;SOS1;PLCB2;CRK;SOS2;BCAR1
GO_Biological_Process_2021,T cell receptor signaling pathway,34/104,3.5482000808664285e-39,4.565350770714804e-38,0,0,43.843512450851904,3881.658111683249,ITK;PIK3R3;PIK3CD;CBLB;PIK3R2;PIK3R1;PIK3CB;CDC42;NRAS;GRAP2;NCK2;FYN;PLCG1;ICOS;HRAS;NCK1;VAV3;PDPK1;RHOA;VAV1;VAV2;ZAP70;DLG1;PIK3CA;LCK;CD28;GRB2;LCP2;KRAS;PTPN6;RAF1;SOS1;SOS2;LAT
KEGG_2021_Human,T cell receptor signaling pathway,34/104,3.5482000808664285e-39,4.565350770714804e-38,0,0,43.843512450851904,3881.658111683249,ITK;PIK3R3;PIK3CD;CBLB;PIK3R2;PIK3R1;PIK3CB;CDC42;NRAS;GRAP2;NCK2;FYN;PLCG1;ICOS;HRAS;NCK1;VAV3;PDPK1;RHOA;VAV1;VAV2;ZAP70;DLG1;PIK3CA;LCK;CD28;GRB2;LCP2;KRAS;PTPN6;RAF1;SOS1;SOS2;LAT
GO_Biological_Process_2021,Yersinia infection,37/137,4.482759761758774e-39,5.40732896262152e-38,0,0,33.81283720930232,2985.693128633025,ITGB1;ROCK1;SRC;PXN;WAS;PIK3R3;PIK3CD;PIK3R2;PIK3R1;PIK3CB;WASL;CRKL;CDC42;RAC2;PIP5K1A;RAC3;PIP5K1B;PIP5K1C;PLCG1;RAC1;VAV3;BAIAP2;PTK2;RHOA;VAV1;VAV2;ZAP70;PIK3CA;LCK;GNAQ;LCP2;ARHGEF7;CRK;DOCK1;LAT;BCAR1;ARF6
KEGG_2021_Human,Yersinia infection,37/137,4.482759761758774e-39,5.40732896262152e-38,0,0,33.81283720930232,2985.693128633025,ITGB1;ROCK1;SRC;PXN;WAS;PIK3R3;PIK3CD;PIK3R2;PIK3R1;PIK3CB;WASL;CRKL;CDC42;RAC2;PIP5K1A;RAC3;PIP5K1B;PIP5K1C;PLCG1;RAC1;VAV3;BAIAP2;PTK2;RHOA;VAV1;VAV2;ZAP70;PIK3CA;LCK;GNAQ;LCP2;ARHGEF7;CRK;DOCK1;LAT;BCAR1;ARF6
KEGG_2021_Human,Neurotrophin signaling pathway,35/119,1.870770614661622e-38,2.123874874292312e-37,0,0,37.75729646697389,3280.047444639273,CALML5;CALML6;SHC1;PIK3R3;PIK3CD;CALML3;PIK3R2;CALML4;PIK3R1;PIK3CB;CRKL;RAP1B;CDC42;NRAS;RAP1A;ABL1;PLCG2;PLCG1;RAC1;HRAS;PDPK1;PRKCD;GAB1;BRAF;PTPN11;RHOA;PIK3CA;RAPGEF1;CALM3;GRB2;KRAS;RAF1;SOS1;CRK;SOS2
GO_Biological_Process_2021,Neurotrophin signaling pathway,35/119,1.870770614661622e-38,2.123874874292312e-37,0,0,37.75729646697389,3280.047444639273,CALML5;CALML6;SHC1;PIK3R3;PIK3CD;CALML3;PIK3R2;CALML4;PIK3R1;PIK3CB;CRKL;RAP1B;CDC42;NRAS;RAP1A;ABL1;PLCG2;PLCG1;RAC1;HRAS;PDPK1;PRKCD;GAB1;BRAF;PTPN11;RHOA;PIK3CA;RAPGEF1;CALM3;GRB2;KRAS;RAF1;SOS1;CRK;SOS2
KEGG_2021_Human,Natural killer cell mediated cytotoxicity,36/131,2.45857269527503e-38,2.636136278822671e-37,0,0,34.47894736842105,2985.830383702306,SHC1;PIK3R3;PIK3CD;PIK3R2;PIK3R1;PIK3CB;NRAS;SH3BP2;PLCG2;RAC2;RAC3;FYN;PLCG1;RAC1;HRAS;PRKCG;VAV3;SYK;PRKCB;PRKCA;BRAF;PTPN11;VAV1;VAV2;ZAP70;PIK3CA;LCK;GRB2;LCP2;KRAS;PTPN6;RAF1;SOS1;HCST;SOS2;LAT
GO_Biological_Process_2021,Natural killer cell mediated cytotoxicity,36/131,2.45857269527503e-38,2.636136278822671e-37,0,0,34.47894736842105,2985.830383702306,SHC1;PIK3R3;PIK3CD;PIK3R2;PIK3R1;PIK3CB;NRAS;SH3BP2;PLCG2;RAC2;RAC3;FYN;PLCG1;RAC1;HRAS;PRKCG;VAV3;SYK;PRKCB;PRKCA;BRAF;PTPN11;VAV1;VAV2;ZAP70;PIK3CA;LCK;GRB2;LCP2;KRAS;PTPN6;RAF1;SOS1;HCST;SOS2;LAT
KEGG_2021_Human,Platelet activation,35/124,9.62218964537483e-38,9.774118955564958e-37,0,0,35.62703878216745,3036.640783779217,ITGB1;ROCK1;SRC;ITPR1;GNAI3;ITPR2;PIK3R3;PIK3CD;ITPR3;PIK3R2;PIK3R1;PIK3CB;PRKCZ;PIK3R6;PIK3CG;GNAI1;PIK3R5;GNAI2;RAP1B;RAP1A;PLCG2;FYN;LYN;PRKCI;SYK;ITGA2;RHOA;PLCB3;PLCB4;PIK3CA;GNAQ;BTK;LCP2;PLCB1;PLCB2
GO_Biological_Process_2021,Platelet activation,35/124,9.62218964537483e-38,9.774118955564958e-37,0,0,35.62703878216745,3036.640783779217,ITGB1;ROCK1;SRC;ITPR1;GNAI3;ITPR2;PIK3R3;PIK3CD;ITPR3;PIK3R2;PIK3R1;PIK3CB;PRKCZ;PIK3R6;PIK3CG;GNAI1;PIK3R5;GNAI2;RAP1B;RAP1A;PLCG2;FYN;LYN;PRKCI;SYK;ITGA2;RHOA;PLCB3;PLCB4;PIK3CA;GNAQ;BTK;LCP2;PLCB1;PLCB2
GO_Biological_Process_2021,ErbB signaling pathway,31/85,1.5947657410770798e-37,1.5389489401393822e-36,0,0,51.15753309870957,4334.522610460287,SHC1;SRC;PIK3CD;PIK3R3;CBLB;PIK3R2;PIK3CB;PIK3R1;CBL;CRKL;NRAS;NCK2;ABL1;PLCG2;ABL2;PLCG1;HRAS;NCK1;PRKCG;PRKCB;GAB1;PRKCA;BRAF;PTK2;PIK3CA;GRB2;KRAS;RAF1;SOS1;CRK;SOS2
KEGG_2021_Human,ErbB signaling pathway,31/85,1.5947657410770798e-37,1.5389489401393822e-36,0,0,51.15753309870957,4334.522610460287,SHC1;SRC;PIK3CD;PIK3R3;CBLB;PIK3R2;PIK3CB;PIK3R1;CBL;CRKL;NRAS;NCK2;ABL1;PLCG2;ABL2;PLCG1;HRAS;NCK1;PRKCG;PRKCB;GAB1;PRKCA;BRAF;PTK2;PIK3CA;GRB2;KRAS;RAF1;SOS1;CRK;SOS2
GO_Biological_Process_2021,Axon guidance,39/182,7.165986611341779e-37,6.585882933280777e-36,0,0,25.10243277848912,2089.182668684373,ITGB1;ROCK1;SRC;GNAI3;PIK3R3;ILK;PIK3CD;PARD6G;PIK3R2;PIK3R1;PIK3CB;PRKCZ;GNAI1;GNAI2;CDC42;NRAS;PARD6B;PARD6A;RRAS;ABL1;PLCG2;NCK2;RAC2;RAC3;FYN;PLCG1;RAC1;HRAS;NCK1;PDPK1;PRKCA;PTPN11;PTK2;RHOA;PIK3CA;PARD3;RASA1;KRAS;RAF1
KEGG_2021_Human,Axon guidance,39/182,7.165986611341779e-37,6.585882933280777e-36,0,0,25.10243277848912,2089.182668684373,ITGB1;ROCK1;SRC;GNAI3;PIK3R3;ILK;PIK3CD;PARD6G;PIK3R2;PIK3R1;PIK3CB;PRKCZ;GNAI1;GNAI2;CDC42;NRAS;PARD6B;PARD6A;RRAS;ABL1;PLCG2;NCK2;RAC2;RAC3;FYN;PLCG1;RAC1;HRAS;NCK1;PDPK1;PRKCA;PTPN11;PTK2;RHOA;PIK3CA;PARD3;RASA1;KRAS;RAF1
KEGG_2021_Human,B cell receptor signaling pathway,30/81,1.404412342347441e-36,1.232052645786619e-35,0,0,52.19130895601484,4308.572321759327,INPPL1;PIK3CD;PIK3R3;PIK3R2;PIK3CB;PIK3R1;NRAS;CD19;INPP5D;BLNK;RAC2;PLCG2;RAC3;RAC1;HRAS;VAV3;LYN;SYK;PRKCB;VAV1;VAV2;PIK3CA;BTK;GRB2;KRAS;PTPN6;RAF1;SOS1;PIK3AP1;SOS2
GO_Biological_Process_2021,B cell receptor signaling pathway,30/81,1.404412342347441e-36,1.232052645786619e-35,0,0,52.19130895601484,4308.572321759327,INPPL1;PIK3CD;PIK3R3;PIK3R2;PIK3CB;PIK3R1;NRAS;CD19;INPP5D;BLNK;RAC2;PLCG2;RAC3;RAC1;HRAS;VAV3;LYN;SYK;PRKCB;VAV1;VAV2;PIK3CA;BTK;GRB2;KRAS;PTPN6;RAF1;SOS1;PIK3AP1;SOS2
GO_Biological_Process_2021,Pathways in cancer,54/531,2.072441880110637e-33,1.7390490559189262e-32,0,0,11.018296169239566,829.1992926832623,RET;ALK;ITGB1;CALML5;CALML6;PTEN;PIK3CD;CALML3;LAMC2;CALML4;PIK3CB;CRKL;RASSF1;RAC2;RAC3;RAC1;HRAS;PRKCG;RALBP1;PRKCB;ITGA2;PRKCA;RHOA;EML4;BCR;PLCB3;PLCB4;PIK3CA;PLCB1;RAF1;SOS1;PLCB2;SOS2;CRK;ROCK1;GNAI3;PIK3R3;PIK3R2;PIK3R1;CBL;GNAI1;GNAI2;CDC42;NRAS;GNA11;PLCG2;ABL1;PLCG1;BRAF;PTK2;GNAQ;CALM3;GRB2;KRAS
KEGG_2021_Human,Pathways in cancer,54/531,2.072441880110637e-33,1.7390490559189262e-32,0,0,11.018296169239566,829.1992926832623,RET;ALK;ITGB1;CALML5;CALML6;PTEN;PIK3CD;CALML3;LAMC2;CALML4;PIK3CB;CRKL;RASSF1;RAC2;RAC3;RAC1;HRAS;PRKCG;RALBP1;PRKCB;ITGA2;PRKCA;RHOA;EML4;BCR;PLCB3;PLCB4;PIK3CA;PLCB1;RAF1;SOS1;PLCB2;SOS2;CRK;ROCK1;GNAI3;PIK3R3;PIK3R2;PIK3R1;CBL;GNAI1;GNAI2;CDC42;NRAS;GNA11;PLCG2;ABL1;PLCG1;BRAF;PTK2;GNAQ;CALM3;GRB2;KRAS
GO_Biological_Process_2021,Estrogen signaling pathway,33/137,4.314861153160936e-33,3.4698675106669185e-32,0,0,28.462065331928347,2121.085408807377,CALML5;CALML6;SHC1;SRC;ITPR1;GNAI3;ITPR2;PIK3R3;PIK3CD;CALML3;ITPR3;PIK3R2;CALML4;PIK3R1;PIK3CB;GNAI1;GNAI2;NRAS;GPER1;HRAS;PRKCD;PLCB3;PLCB4;PIK3CA;GNAQ;CALM3;GRB2;KRAS;RAF1;PLCB1;SOS1;PLCB2;SOS2
KEGG_2021_Human,Estrogen signaling pathway,33/137,4.314861153160936e-33,3.4698675106669185e-32,0,0,28.462065331928347,2121.085408807377,CALML5;CALML6;SHC1;SRC;ITPR1;GNAI3;ITPR2;PIK3R3;PIK3CD;CALML3;ITPR3;PIK3R2;CALML4;PIK3R1;PIK3CB;GNAI1;GNAI2;NRAS;GPER1;HRAS;PRKCD;PLCB3;PLCB4;PIK3CA;GNAQ;CALM3;GRB2;KRAS;RAF1;PLCB1;SOS1;PLCB2;SOS2
GO_Biological_Process_2021,Shigellosis,40/246,8.761156650198604e-33,6.763612933953321e-32,0,0,17.898882579226964,1321.2056620221435,ITGB1;ROCK1;SRC;PXN;ITPR1;PIK3R3;ITPR2;ILK;PIK3CD;PIK3R2;ITPR3;PIK3R1;WASL;PIK3CB;CRKL;CDC42;PLCZ1;PLCG2;PLCE1;PLCG1;RAC1;ACTN1;PRKCD;ACTN4;PTK2;RHOA;PLCB3;PLCB4;PIK3CA;PIK3C3;PLCB1;PLCD3;PLCB2;PLCD4;CRK;DOCK1;PLCD1;VCL;BCAR1;ARF6
KEGG_2021_Human,Shigellosis,40/246,8.761156650198604e-33,6.763612933953321e-32,0,0,17.898882579226964,1321.2056620221435,ITGB1;ROCK1;SRC;PXN;ITPR1;PIK3R3;ITPR2;ILK;PIK3CD;PIK3R2;ITPR3;PIK3R1;WASL;PIK3CB;CRKL;CDC42;PLCZ1;PLCG2;PLCE1;PLCG1;RAC1;ACTN1;PRKCD;ACTN4;PTK2;RHOA;PLCB3;PLCB4;PIK3CA;PIK3C3;PLCB1;PLCD3;PLCB2;PLCD4;CRK;DOCK1;PLCD1;VCL;BCAR1;ARF6
KEGG_2021_Human,Endocytosis,40/252,2.3472053175980478e-32,1.7423485626785508e-31,0,0,17.38697045211819,1266.284322499081,SH3GL3;SH3KBP1;SRC;CLTC;CBLC;PARD6G;CBLB;AP2A1;WASL;CBL;PRKCZ;CDC42;SNX1;PARD6B;PARD6A;PIP5KL1;MVB12A;PIP5K1A;PIP5K1B;PIP5K1C;HRAS;EPS15;SH3GL2;SH3GL1;PRKCI;PDCD6IP;CAV3;IQSEC1;CAV2;CAV1;STAM;EPS15L1;RHOA;EPN1;EPN2;EPN3;HGS;PARD3;STAM2;ARF6
GO_Biological_Process_2021,Endocytosis,40/252,2.3472053175980478e-32,1.7423485626785508e-31,0,0,17.38697045211819,1266.284322499081,SH3GL3;SH3KBP1;SRC;CLTC;CBLC;PARD6G;CBLB;AP2A1;WASL;CBL;PRKCZ;CDC42;SNX1;PARD6B;PARD6A;PIP5KL1;MVB12A;PIP5K1A;PIP5K1B;PIP5K1C;HRAS;EPS15;SH3GL2;SH3GL1;PRKCI;PDCD6IP;CAV3;IQSEC1;CAV2;CAV1;STAM;EPS15L1;RHOA;EPN1;EPN2;EPN3;HGS;PARD3;STAM2;ARF6
KEGG_2021_Human,Sphingolipid signaling pathway,31/119,2.7222077992170196e-32,1.9458744638847582e-31,0,0,31.33792677910325,2277.6806225110954,ROCK1;PTEN;GNAI3;PIK3R3;PIK3CD;PIK3R2;PIK3R1;PIK3CB;PRKCZ;GNAI1;GNAI2;NRAS;RAC2;RAC3;FYN;RAC1;HRAS;PRKCG;PRKCB;PDPK1;PRKCA;GAB2;RHOA;PLCB3;PLCB4;PIK3CA;GNAQ;KRAS;RAF1;PLCB1;PLCB2
GO_Biological_Process_2021,Sphingolipid signaling pathway,31/119,2.7222077992170196e-32,1.9458744638847582e-31,0,0,31.33792677910325,2277.6806225110954,ROCK1;PTEN;GNAI3;PIK3R3;PIK3CD;PIK3R2;PIK3R1;PIK3CB;PRKCZ;GNAI1;GNAI2;NRAS;RAC2;RAC3;FYN;RAC1;HRAS;PRKCG;PRKCB;PDPK1;PRKCA;GAB2;RHOA;PLCB3;PLCB4;PIK3CA;GNAQ;KRAS;RAF1;PLCB1;PLCB2
GO_Biological_Process_2021,Bacterial invasion of epithelial cells,27/77,3.116855986409673e-32,2.148404304918096e-31,0,0,47.2752,3429.6218455785893,ITGB1;SHC1;SRC;CLTC;PXN;ILK;PIK3CD;PIK3R3;PIK3R2;PIK3CB;WASL;PIK3R1;CBL;CRKL;CDC42;RAC1;CAV3;CAV2;CAV1;GAB1;RHOA;PTK2;PIK3CA;CRK;DOCK1;VCL;BCAR1
KEGG_2021_Human,Bacterial invasion of epithelial cells,27/77,3.116855986409673e-32,2.148404304918096e-31,0,0,47.2752,3429.6218455785893,ITGB1;SHC1;SRC;CLTC;PXN;ILK;PIK3CD;PIK3R3;PIK3R2;PIK3CB;WASL;PIK3R1;CBL;CRKL;CDC42;RAC1;CAV3;CAV2;CAV1;GAB1;RHOA;PTK2;PIK3CA;CRK;DOCK1;VCL;BCAR1
KEGG_2021_Human,Choline metabolism in cancer,29/98,4.567890975902946e-32,3.040010201204374e-31,0,0,37.08916617924222,2676.490399570707,DGKG;DGKA;WAS;PIK3R3;PIK3CD;PIK3R2;PIK3R1;PIK3CB;NRAS;RAC2;PIP5K1A;RAC3;PIP5K1B;PIP5K1C;PLCG1;RAC1;HRAS;PRKCG;PRKCB;PDPK1;PRKCA;DGKZ;PIK3CA;DGKQ;GRB2;KRAS;RAF1;SOS1;SOS2
GO_Biological_Process_2021,Choline metabolism in cancer,29/98,4.567890975902946e-32,3.040010201204374e-31,0,0,37.08916617924222,2676.490399570707,DGKG;DGKA;WAS;PIK3R3;PIK3CD;PIK3R2;PIK3R1;PIK3CB;NRAS;RAC2;PIP5K1A;RAC3;PIP5K1B;PIP5K1C;PLCG1;RAC1;HRAS;PRKCG;PRKCB;PDPK1;PRKCA;DGKZ;PIK3CA;DGKQ;GRB2;KRAS;RAF1;SOS1;SOS2
KEGG_2021_Human,Insulin signaling pathway,32/137,1.213074618083563e-31,7.804113376337589e-31,0,0,27.21108225108225,1937.0747608956235,CALML5;CALML6;SHC1;INPPL1;IRS4;PIK3R3;PIK3CD;CALML3;CBLB;IRS2;PIK3R2;CALML4;PIK3R1;PIK3CB;CBL;PRKCZ;CRKL;NRAS;INPP5A;HRAS;PRKCI;PDPK1;BRAF;PIK3CA;RAPGEF1;CALM3;GRB2;KRAS;RAF1;SOS1;CRK;SOS2
GO_Biological_Process_2021,Insulin signaling pathway,32/137,1.213074618083563e-31,7.804113376337589e-31,0,0,27.21108225108225,1937.0747608956235,CALML5;CALML6;SHC1;INPPL1;IRS4;PIK3R3;PIK3CD;CALML3;CBLB;IRS2;PIK3R2;CALML4;PIK3R1;PIK3CB;CBL;PRKCZ;CRKL;NRAS;INPP5A;HRAS;PRKCI;PDPK1;BRAF;PIK3CA;RAPGEF1;CALM3;GRB2;KRAS;RAF1;SOS1;CRK;SOS2
GO_Biological_Process_2021,Glioma,26/75,6.415706508090074e-31,3.994294696972207e-30,0,0,46.25013545241105,3215.3736468532443,CALML5;CALML6;SHC1;PTEN;PIK3CD;PIK3R3;CALML3;PIK3R2;CALML4;PIK3CB;PIK3R1;NRAS;PLCG2;PLCG1;HRAS;PRKCG;PRKCB;PRKCA;BRAF;PIK3CA;CALM3;GRB2;KRAS;RAF1;SOS1;SOS2
KEGG_2021_Human,Glioma,26/75,6.415706508090074e-31,3.994294696972207e-30,0,0,46.25013545241105,3215.3736468532443,CALML5;CALML6;SHC1;PTEN;PIK3CD;PIK3R3;CALML3;PIK3R2;CALML4;PIK3CB;PIK3R1;NRAS;PLCG2;PLCG1;HRAS;PRKCG;PRKCB;PRKCA;BRAF;PIK3CA;CALM3;GRB2;KRAS;RAF1;SOS1;SOS2
GO_Biological_Process_2021,C-type lectin receptor signaling pathway,28/104,1.0827280131949044e-29,6.530203329581767e-29,0,0,32.35526315789474,2157.9499331042343,CALML5;CALML6;SRC;ITPR1;ITPR2;PIK3R3;PIK3CD;CALML3;CBLB;ITPR3;PIK3R2;CALML4;PIK3R1;PIK3CB;NRAS;RRAS;PLCG2;HRAS;SYK;PRKCD;RRAS2;PTPN11;RHOA;MRAS;PIK3CA;CALM3;KRAS;RAF1
KEGG_2021_Human,C-type lectin receptor signaling pathway,28/104,1.0827280131949044e-29,6.530203329581767e-29,0,0,32.35526315789474,2157.9499331042343,CALML5;CALML6;SRC;ITPR1;ITPR2;PIK3R3;PIK3CD;CALML3;CBLB;ITPR3;PIK3R2;CALML4;PIK3R1;PIK3CB;NRAS;RRAS;PLCG2;HRAS;SYK;PRKCD;RRAS2;PTPN11;RHOA;MRAS;PIK3CA;CALM3;KRAS;RAF1
KEGG_2021_Human,GnRH secretion,24/64,1.3500708391828298e-29,7.895868847342002e-29,0,0,51.86315789473685,3447.593599844924,PRKCG;PRKCB;ITPR1;PIK3CD;ITPR2;PIK3R3;PRKCA;ITPR3;PIK3R2;PIK3CB;PIK3R1;PLCB3;NRAS;PLCB4;PIK3CA;GPER1;GNA11;GNAQ;KISS1R;KRAS;PLCB1;RAF1;HRAS;PLCB2
GO_Biological_Process_2021,GnRH secretion,24/64,1.3500708391828298e-29,7.895868847342002e-29,0,0,51.86315789473685,3447.593599844924,PRKCG;PRKCB;ITPR1;PIK3CD;ITPR2;PIK3R3;PRKCA;ITPR3;PIK3R2;PIK3CB;PIK3R1;PLCB3;NRAS;PLCB4;PIK3CA;GPER1;GNA11;GNAQ;KISS1R;KRAS;PLCB1;RAF1;HRAS;PLCB2
KEGG_2021_Human,Human immunodeficiency virus 1 infection,35/212,5.575979263373278e-29,3.1651882289148313e-28,0,0,17.833971204665573,1160.2157430802129,CALML5;CALML6;PXN;GNAI3;ITPR1;PIK3R3;ITPR2;PIK3CD;CALML3;PIK3R2;ITPR3;CALML4;PIK3R1;PIK3CB;GNAI1;CRKL;GNAI2;NRAS;GNA11;PLCG2;RAC2;RAC3;PLCG1;RAC1;HRAS;PRKCG;PRKCB;PRKCA;PTK2;PIK3CA;GNAQ;CALM3;KRAS;RAF1;CRK
GO_Biological_Process_2021,Human immunodeficiency virus 1 infection,35/212,5.575979263373278e-29,3.1651882289148313e-28,0,0,17.833971204665573,1160.2157430802129,CALML5;CALML6;PXN;GNAI3;ITPR1;PIK3R3;ITPR2;PIK3CD;CALML3;PIK3R2;ITPR3;CALML4;PIK3R1;PIK3CB;GNAI1;CRKL;GNAI2;NRAS;GNA11;PLCG2;RAC2;RAC3;PLCG1;RAC1;HRAS;PRKCG;PRKCB;PRKCA;PTK2;PIK3CA;GNAQ;CALM3;KRAS;RAF1;CRK
KEGG_2021_Human,Cholinergic synapse,28/113,1.4232308745592308e-28,7.84810167971233e-28,0,0,28.91617647058824,1854.0894196763843,ITPR1;GNAI3;ITPR2;PIK3R3;PIK3CD;ITPR3;PIK3R2;PIK3R1;PIK3CB;PIK3R6;PIK3CG;GNAI1;PIK3R5;GNAI2;NRAS;GNA11;FYN;HRAS;PRKCG;PRKCB;PRKCA;PLCB3;PLCB4;PIK3CA;GNAQ;KRAS;PLCB1;PLCB2
GO_Biological_Process_2021,Cholinergic synapse,28/113,1.4232308745592308e-28,7.84810167971233e-28,0,0,28.91617647058824,1854.0894196763843,ITPR1;GNAI3;ITPR2;PIK3R3;PIK3CD;ITPR3;PIK3R2;PIK3R1;PIK3CB;PIK3R6;PIK3CG;GNAI1;PIK3R5;GNAI2;NRAS;GNA11;FYN;HRAS;PRKCG;PRKCB;PRKCA;PLCB3;PLCB4;PIK3CA;GNAQ;KRAS;PLCB1;PLCB2
GO_Biological_Process_2021,Non-small cell lung cancer,24/72,3.921321987085877e-28,2.1022642875210395e-27,0,0,43.20175438596491,2726.287914859708,ALK;RET;PRKCG;PDPK1;PRKCB;PIK3CD;PIK3R3;PRKCA;PIK3R2;BRAF;PIK3CB;PIK3R1;EML4;RASSF1;NRAS;PIK3CA;PLCG2;GRB2;KRAS;PLCG1;RAF1;SOS1;HRAS;SOS2
KEGG_2021_Human,Non-small cell lung cancer,24/72,3.921321987085877e-28,2.1022642875210395e-27,0,0,43.20175438596491,2726.287914859708,ALK;RET;PRKCG;PDPK1;PRKCB;PIK3CD;PIK3R3;PRKCA;PIK3R2;BRAF;PIK3CB;PIK3R1;EML4;RASSF1;NRAS;PIK3CA;PLCG2;GRB2;KRAS;PLCG1;RAF1;SOS1;HRAS;SOS2
GO_Biological_Process_2021,GnRH signaling pathway,26/93,4.096462532447826e-28,2.1368034290876497e-27,0,0,33.79381851802932,2131.114529207656,CALML5;CALML6;SRC;ITPR1;ITPR2;CALML3;ITPR3;CALML4;CDC42;NRAS;GNA11;HRAS;PRKCB;PRKCD;PRKCA;PLCB3;PLCB4;GNAQ;CALM3;GRB2;KRAS;PLCB1;RAF1;SOS1;PLCB2;SOS2
KEGG_2021_Human,GnRH signaling pathway,26/93,4.096462532447826e-28,2.1368034290876497e-27,0,0,33.79381851802932,2131.114529207656,CALML5;CALML6;SRC;ITPR1;ITPR2;CALML3;ITPR3;CALML4;CDC42;NRAS;GNA11;HRAS;PRKCB;PRKCD;PRKCA;PLCB3;PLCB4;GNAQ;CALM3;GRB2;KRAS;PLCB1;RAF1;SOS1;PLCB2;SOS2
GO_Biological_Process_2021,Inflammatory mediator regulation of TRP channels,26/98,1.8822544680858158e-27,9.559871377383223e-27,0,0,31.439036381514256,1934.6742707775911,CALML5;CALML6;SRC;ITPR1;ITPR2;PIK3R3;PIK3CD;CALML3;ITPR3;PIK3R2;CALML4;PIK3R1;PIK3CB;PLCG2;PLCG1;PRKCG;PRKCB;PRKCD;PRKCA;PLCB3;PLCB4;PIK3CA;GNAQ;CALM3;PLCB1;PLCB2
KEGG_2021_Human,Inflammatory mediator regulation of TRP channels,26/98,1.8822544680858158e-27,9.559871377383223e-27,0,0,31.439036381514256,1934.6742707775911,CALML5;CALML6;SRC;ITPR1;ITPR2;PIK3R3;PIK3CD;CALML3;ITPR3;PIK3R2;CALML4;PIK3R1;PIK3CB;PLCG2;PLCG1;PRKCG;PRKCB;PRKCD;PRKCA;PLCB3;PLCB4;PIK3CA;GNAQ;CALM3;PLCB1;PLCB2
GO_Biological_Process_2021,Long-term potentiation,23/67,2.383812935456848e-27,1.1796817860081323e-26,0,0,44.97737197300516,2757.1622075520145,PRKCG;CALML5;CALML6;PRKCB;ITPR1;ITPR2;CALML3;PRKCA;ITPR3;BRAF;CALML4;RAP1B;PLCB3;NRAS;PLCB4;RAP1A;GNAQ;CALM3;KRAS;PLCB1;RAF1;HRAS;PLCB2
KEGG_2021_Human,Long-term potentiation,23/67,2.383812935456848e-27,1.1796817860081323e-26,0,0,44.97737197300516,2757.1622075520145,PRKCG;CALML5;CALML6;PRKCB;ITPR1;ITPR2;CALML3;PRKCA;ITPR3;BRAF;CALML4;RAP1B;PLCB3;NRAS;PLCB4;RAP1A;GNAQ;CALM3;KRAS;PLCB1;RAF1;HRAS;PLCB2
KEGG_2021_Human,VEGF signaling pathway,22/59,3.775437895386898e-27,1.8216487845241782e-26,0,0,50.956756756756754,3100.274363621069,PRKCG;PRKCB;SRC;PXN;PIK3CD;PIK3R3;PRKCA;PIK3R2;PIK3CB;PIK3R1;PTK2;CDC42;NRAS;PIK3CA;RAC2;PLCG2;RAC3;KRAS;RAC1;PLCG1;RAF1;HRAS
GO_Biological_Process_2021,VEGF signaling pathway,22/59,3.775437895386898e-27,1.8216487845241782e-26,0,0,50.956756756756754,3100.274363621069,PRKCG;PRKCB;SRC;PXN;PIK3CD;PIK3R3;PRKCA;PIK3R2;PIK3CB;PIK3R1;PTK2;CDC42;NRAS;PIK3CA;RAC2;PLCG2;RAC3;KRAS;RAC1;PLCG1;RAF1;HRAS
GO_Biological_Process_2021,Renal cell carcinoma,23/69,5.285340276725345e-27,2.487977252214613e-26,0,0,43.0174672489083,2602.76585531174,GAB1;PIK3CD;PIK3R3;PIK3R2;BRAF;PTPN11;PIK3CB;PIK3R1;CRKL;CDC42;RAP1B;NRAS;RAP1A;PIK3CA;RAPGEF1;GRB2;KRAS;RAC1;RAF1;SOS1;HRAS;CRK;SOS2
KEGG_2021_Human,Renal cell carcinoma,23/69,5.285340276725345e-27,2.487977252214613e-26,0,0,43.0174672489083,2602.76585531174,GAB1;PIK3CD;PIK3R3;PIK3R2;BRAF;PTPN11;PIK3CB;PIK3R1;CRKL;CDC42;RAP1B;NRAS;RAP1A;PIK3CA;RAPGEF1;GRB2;KRAS;RAC1;RAF1;SOS1;HRAS;CRK;SOS2
KEGG_2021_Human,Lipid and atherosclerosis,33/215,2.686822843357061e-26,1.2346590684950303e-25,0,0,16.199458076170405,953.8055110932086,CALML5;CALML6;SRC;ITPR1;PIK3R3;PIK3CD;CALML3;PIK3R2;CALML4;PIK3R1;PIK3CB;RAP1B;CDC42;NRAS;RAP1A;PLCG1;RAC1;HRAS;LYN;VAV3;PDPK1;PRKCA;PTK2;RHOA;VAV1;VAV2;PLCB3;PLCB4;PIK3CA;CALM3;KRAS;PLCB1;PLCB2
GO_Biological_Process_2021,Lipid and atherosclerosis,33/215,2.686822843357061e-26,1.2346590684950303e-25,0,0,16.199458076170405,953.8055110932086,CALML5;CALML6;SRC;ITPR1;PIK3R3;PIK3CD;CALML3;PIK3R2;CALML4;PIK3R1;PIK3CB;RAP1B;CDC42;NRAS;RAP1A;PLCG1;RAC1;HRAS;LYN;VAV3;PDPK1;PRKCA;PTK2;RHOA;VAV1;VAV2;PLCB3;PLCB4;PIK3CA;CALM3;KRAS;PLCB1;PLCB2
GO_Biological_Process_2021,Oxytocin signaling pathway,29/154,7.401599548154167e-26,3.32211328556687e-25,0,0,20.414959641255606,1181.3221795957866,CALML5;ROCK1;CALML6;SRC;ITPR1;GNAI3;ITPR2;CALML3;ITPR3;CALML4;PIK3R6;PIK3CG;GNAI1;PIK3R5;GNAI2;NRAS;HRAS;PRKCG;PRKCB;PRKCA;RHOA;PLCB3;PLCB4;GNAQ;CALM3;KRAS;RAF1;PLCB1;PLCB2
KEGG_2021_Human,Oxytocin signaling pathway,29/154,7.401599548154167e-26,3.32211328556687e-25,0,0,20.414959641255606,1181.3221795957866,CALML5;ROCK1;CALML6;SRC;ITPR1;GNAI3;ITPR2;CALML3;ITPR3;CALML4;PIK3R6;PIK3CG;GNAI1;PIK3R5;GNAI2;NRAS;HRAS;PRKCG;PRKCB;PRKCA;RHOA;PLCB3;PLCB4;GNAQ;CALM3;KRAS;RAF1;PLCB1;PLCB2
KEGG_2021_Human,AGE-RAGE signaling pathway in diabetic complications,25/100,1.0160206664429502e-25,4.456636105079305e-25,0,0,28.888399412628488,1662.4908029363794,PIK3R3;PIK3CD;PIK3R2;PIK3R1;PIK3CB;PRKCZ;CDC42;NRAS;PLCG2;PLCE1;PLCG1;RAC1;HRAS;PRKCB;PRKCD;PRKCA;PLCB3;PLCB4;PIK3CA;KRAS;PLCB1;PLCD3;PLCB2;PLCD4;PLCD1
GO_Biological_Process_2021,AGE-RAGE signaling pathway in diabetic complications,25/100,1.0160206664429502e-25,4.456636105079305e-25,0,0,28.888399412628488,1662.4908029363794,PIK3R3;PIK3CD;PIK3R2;PIK3R1;PIK3CB;PRKCZ;CDC42;NRAS;PLCG2;PLCE1;PLCG1;RAC1;HRAS;PRKCB;PRKCD;PRKCA;PLCB3;PLCB4;PIK3CA;KRAS;PLCB1;PLCD3;PLCB2;PLCD4;PLCD1
GO_Biological_Process_2021,Long-term depression,21/60,2.842631045851761e-25,1.219172870776422e-24,0,0,45.94172494172494,2596.621574432128,PRKCG;LYN;PRKCB;GNAI3;ITPR1;ITPR2;PRKCA;ITPR3;BRAF;GNAI1;GNAI2;PLCB3;NRAS;PLCB4;GNA11;GNAQ;KRAS;PLCB1;RAF1;HRAS;PLCB2
KEGG_2021_Human,Long-term depression,21/60,2.842631045851761e-25,1.219172870776422e-24,0,0,45.94172494172494,2596.621574432128,PRKCG;LYN;PRKCB;GNAI3;ITPR1;ITPR2;PRKCA;ITPR3;BRAF;GNAI1;GNAI2;PLCB3;NRAS;PLCB4;GNA11;GNAQ;KRAS;PLCB1;RAF1;HRAS;PLCB2
KEGG_2021_Human,Thyroid hormone signaling pathway,26/121,7.443897052532275e-25,3.123200285084194e-24,0,0,23.7996273870517,1322.2414396706913,SRC;PIK3R3;PIK3CD;PIK3R2;PIK3R1;PIK3CB;NRAS;PLCZ1;PLCG2;PLCE1;PLCG1;HRAS;PRKCG;PRKCB;PDPK1;PRKCA;PLCB3;PLCB4;PIK3CA;KRAS;RAF1;PLCB1;PLCD3;PLCB2;PLCD4;PLCD1
GO_Biological_Process_2021,Thyroid hormone signaling pathway,26/121,7.443897052532275e-25,3.123200285084194e-24,0,0,23.7996273870517,1322.2414396706913,SRC;PIK3R3;PIK3CD;PIK3R2;PIK3R1;PIK3CB;NRAS;PLCZ1;PLCG2;PLCE1;PLCG1;HRAS;PRKCG;PRKCB;PDPK1;PRKCA;PLCB3;PLCB4;PIK3CA;KRAS;RAF1;PLCB1;PLCD3;PLCB2;PLCD4;PLCD1
GO_Biological_Process_2021,Apelin signaling pathway,27/137,1.0693560536032982e-24,4.391185496711416e-24,0,0,21.423272727272728,1182.4572293355934,CALML5;CALML6;ITPR1;GNAI3;ITPR2;CALML3;ITPR3;CALML4;PIK3R6;PIK3CG;GNAI1;PIK3R5;GNAI2;NRAS;RRAS;HRAS;RRAS2;PLCB3;MRAS;PLCB4;GNAQ;CALM3;PIK3C3;KRAS;RAF1;PLCB1;PLCB2
KEGG_2021_Human,Apelin signaling pathway,27/137,1.0693560536032982e-24,4.391185496711416e-24,0,0,21.423272727272728,1182.4572293355934,CALML5;CALML6;ITPR1;GNAI3;ITPR2;CALML3;ITPR3;CALML4;PIK3R6;PIK3CG;GNAI1;PIK3R5;GNAI2;NRAS;RRAS;HRAS;RRAS2;PLCB3;MRAS;PLCB4;GNAQ;CALM3;PIK3C3;KRAS;RAF1;PLCB1;PLCB2
KEGG_2021_Human,Chronic myeloid leukemia,22/76,2.5356623267771427e-24,1.0195475605583092e-23,0,0,34.88470209339775,1895.3412391771983,SHC1;PIK3CD;PIK3R3;PIK3R2;BRAF;PTPN11;PIK3CB;GAB2;PIK3R1;CBL;CRKL;BCR;NRAS;PIK3CA;ABL1;GRB2;KRAS;RAF1;SOS1;HRAS;CRK;SOS2
GO_Biological_Process_2021,Chronic myeloid leukemia,22/76,2.5356623267771427e-24,1.0195475605583092e-23,0,0,34.88470209339775,1895.3412391771983,SHC1;PIK3CD;PIK3R3;PIK3R2;BRAF;PTPN11;PIK3CB;GAB2;PIK3R1;CBL;CRKL;BCR;NRAS;PIK3CA;ABL1;GRB2;KRAS;RAF1;SOS1;HRAS;CRK;SOS2
GO_Biological_Process_2021,Gap junction,23/88,3.0986116077569423e-24,1.2204735516267142e-23,0,0,30.413772253946927,1646.3305850018853,PRKCG;PRKCB;SRC;GNAI3;ITPR1;ITPR2;PRKCA;ITPR3;GNAI1;GNAI2;PLCB3;NRAS;PLCB4;GNA11;GNAQ;GRB2;KRAS;PLCB1;RAF1;SOS1;HRAS;PLCB2;SOS2
KEGG_2021_Human,Gap junction,23/88,3.0986116077569423e-24,1.2204735516267142e-23,0,0,30.413772253946927,1646.3305850018853,PRKCG;PRKCB;SRC;GNAI3;ITPR1;ITPR2;PRKCA;ITPR3;GNAI1;GNAI2;PLCB3;NRAS;PLCB4;GNA11;GNAQ;GRB2;KRAS;PLCB1;RAF1;SOS1;HRAS;PLCB2;SOS2
KEGG_2021_Human,Kaposi sarcoma-associated herpesvirus infection,30/193,3.8136319618930044e-24,1.4720619372906998e-23,0,0,16.23694246393633,875.5521211451828,CALML5;CALML6;SRC;ITPR1;PIK3R3;ITPR2;PIK3CD;CALML3;PIK3R2;ITPR3;CALML4;PIK3R1;PIK3CB;PIK3R6;PIK3CG;PIK3R5;PREX1;NRAS;PLCG2;PLCG1;RAC1;HRAS;LYN;SYK;HCK;PIK3CA;CALM3;PIK3C3;KRAS;RAF1
GO_Biological_Process_2021,Kaposi sarcoma-associated herpesvirus infection,30/193,3.8136319618930044e-24,1.4720619372906998e-23,0,0,16.23694246393633,875.5521211451828,CALML5;CALML6;SRC;ITPR1;PIK3R3;ITPR2;PIK3CD;CALML3;PIK3R2;ITPR3;CALML4;PIK3R1;PIK3CB;PIK3R6;PIK3CG;PIK3R5;PREX1;NRAS;PLCG2;PLCG1;RAC1;HRAS;LYN;SYK;HCK;PIK3CA;CALM3;PIK3C3;KRAS;RAF1
GO_Biological_Process_2021,cAMP signaling pathway,31/216,7.705818109287221e-24,2.916123323710654e-23,0,0,14.833141739024091,789.4207910854635,CALML5;ROCK1;CALML6;GNAI3;PIK3R3;PIK3CD;CALML3;PIK3R2;CALML4;PIK3R1;PIK3CB;GNAI1;GNAI2;RAP1B;RAP1A;RRAS;RAC2;PLCE1;RAC3;RAC1;VAV3;RRAS2;BRAF;RHOA;VAV1;VAV2;TIAM1;AFDN;PIK3CA;CALM3;RAF1
KEGG_2021_Human,cAMP signaling pathway,31/216,7.705818109287221e-24,2.916123323710654e-23,0,0,14.833141739024091,789.4207910854635,CALML5;ROCK1;CALML6;GNAI3;PIK3R3;PIK3CD;CALML3;PIK3R2;CALML4;PIK3R1;PIK3CB;GNAI1;GNAI2;RAP1B;RAP1A;RRAS;RAC2;PLCE1;RAC3;RAC1;VAV3;RRAS2;BRAF;RHOA;VAV1;VAV2;TIAM1;AFDN;PIK3CA;CALM3;RAF1
KEGG_2021_Human,Relaxin signaling pathway,24/129,1.9503084461909377e-21,7.23864480990098e-21,0,0,19.6922305764411,939.0496034227888,SHC1;SRC;GNAI3;PIK3R3;PIK3CD;PRKCA;PIK3R2;PIK3R1;PIK3CB;PRKCZ;GNAI1;GNAI2;PLCB3;NRAS;PLCB4;PIK3CA;GRB2;KRAS;RAF1;PLCB1;SOS1;HRAS;PLCB2;SOS2
GO_Biological_Process_2021,Relaxin signaling pathway,24/129,1.9503084461909377e-21,7.23864480990098e-21,0,0,19.6922305764411,939.0496034227888,SHC1;SRC;GNAI3;PIK3R3;PIK3CD;PRKCA;PIK3R2;PIK3R1;PIK3CB;PRKCZ;GNAI1;GNAI2;PLCB3;NRAS;PLCB4;PIK3CA;GRB2;KRAS;RAF1;PLCB1;SOS1;HRAS;PLCB2;SOS2
GO_Biological_Process_2021,Gastric acid secretion,20/76,2.764751761706148e-21,1.0067869622816728e-20,0,0,30.314039408867,1434.9858720673758,PRKCG;CALML5;CALML6;PRKCB;GNAI3;ITPR1;ITPR2;CALML3;PRKCA;ITPR3;CALML4;GNAI1;GNAI2;PLCB3;PLCB4;GNAQ;CALM3;EZR;PLCB1;PLCB2
KEGG_2021_Human,Gastric acid secretion,20/76,2.764751761706148e-21,1.0067869622816728e-20,0,0,30.314039408867,1434.9858720673758,PRKCG;CALML5;CALML6;PRKCB;GNAI3;ITPR1;ITPR2;CALML3;PRKCA;ITPR3;CALML4;GNAI1;GNAI2;PLCB3;PLCB4;GNAQ;CALM3;EZR;PLCB1;PLCB2
KEGG_2021_Human,Tight junction,26/169,6.20910196971253e-21,2.2191790373231815e-20,0,0,15.77232502011263,733.8590077530743,ITGB1;ROCK1;SRC;WAS;PARD6G;PRKCZ;CDC42;SLC9A3R1;PARD6B;RAP1A;PARD6A;RAC1;MAGI1;PRKCI;ACTN1;MSN;ACTN4;RHOA;TIAM1;AFDN;DLG1;PARD3;RAPGEF2;EZR;LLGL1;LLGL2
GO_Biological_Process_2021,Tight junction,26/169,6.20910196971253e-21,2.2191790373231815e-20,0,0,15.77232502011263,733.8590077530743,ITGB1;ROCK1;SRC;WAS;PARD6G;PRKCZ;CDC42;SLC9A3R1;PARD6B;RAP1A;PARD6A;RAC1;MAGI1;PRKCI;ACTN1;MSN;ACTN4;RHOA;TIAM1;AFDN;DLG1;PARD3;RAPGEF2;EZR;LLGL1;LLGL2
GO_Biological_Process_2021,cGMP-PKG signaling pathway,25/167,7.203254701957694e-20,2.527687559050609e-19,0,0,15.205993671278774,670.2371512509698,CALML5;ROCK1;CALML6;IRS4;ITPR1;GNAI3;ITPR2;CALML3;IRS2;ITPR3;CALML4;PIK3R6;PIK3CG;GNAI1;PIK3R5;GNAI2;GNA11;RHOA;PLCB3;PLCB4;GNAQ;CALM3;RAF1;PLCB1;PLCB2
KEGG_2021_Human,cGMP-PKG signaling pathway,25/167,7.203254701957694e-20,2.527687559050609e-19,0,0,15.205993671278774,670.2371512509698,CALML5;ROCK1;CALML6;IRS4;ITPR1;GNAI3;ITPR2;CALML3;IRS2;ITPR3;CALML4;PIK3R6;PIK3CG;GNAI1;PIK3R5;GNAI2;GNA11;RHOA;PLCB3;PLCB4;GNAQ;CALM3;RAF1;PLCB1;PLCB2
KEGG_2021_Human,PD-L1 expression and PD-1 checkpoint pathway in cancer,20/89,8.703287384532514e-20,2.99952583074067e-19,0,0,24.58645677161419,1079.0504404928392,ALK;PTEN;PIK3CD;PIK3R3;PIK3R2;PTPN11;PIK3CB;PIK3R1;EML4;ZAP70;NRAS;PIK3CA;LCK;CD28;KRAS;PTPN6;PLCG1;RAF1;HRAS;LAT
GO_Biological_Process_2021,PD-L1 expression and PD-1 checkpoint pathway in cancer,20/89,8.703287384532514e-20,2.99952583074067e-19,0,0,24.58645677161419,1079.0504404928392,ALK;PTEN;PIK3CD;PIK3R3;PIK3R2;PTPN11;PIK3CB;PIK3R1;EML4;ZAP70;NRAS;PIK3CA;LCK;CD28;KRAS;PTPN6;PLCG1;RAF1;HRAS;LAT
GO_Biological_Process_2021,Autophagy,23/137,1.5790637778687192e-19,5.346654546116891e-19,0,0,17.29801578181261,748.8706229529083,MTMR3;PDPK1;MTMR14;PRKCD;IRS4;ITPR1;PTEN;PIK3R3;PIK3CD;RRAS2;IRS2;PIK3R2;PIK3R1;PIK3CB;MTMR4;NRAS;MRAS;RRAS;PIK3CA;PIK3C3;KRAS;RAF1;HRAS
KEGG_2021_Human,Autophagy,23/137,1.5790637778687192e-19,5.346654546116891e-19,0,0,17.29801578181261,748.8706229529083,MTMR3;PDPK1;MTMR14;PRKCD;IRS4;ITPR1;PTEN;PIK3R3;PIK3CD;RRAS2;IRS2;PIK3R2;PIK3R1;PIK3CB;MTMR4;NRAS;MRAS;RRAS;PIK3CA;PIK3C3;KRAS;RAF1;HRAS
KEGG_2021_Human,Endometrial cancer,17/58,3.680954694951234e-19,1.224869407113083e-18,0,0,34.77104307213285,1475.8897686324517,PDPK1;PTEN;ILK;PIK3CD;PIK3R3;PIK3R2;BRAF;PIK3CB;PIK3R1;NRAS;PIK3CA;GRB2;KRAS;RAF1;SOS1;HRAS;SOS2
GO_Biological_Process_2021,Endometrial cancer,17/58,3.680954694951234e-19,1.224869407113083e-18,0,0,34.77104307213285,1475.8897686324517,PDPK1;PTEN;ILK;PIK3CD;PIK3R3;PIK3R2;BRAF;PIK3CB;PIK3R1;NRAS;PIK3CA;GRB2;KRAS;RAF1;SOS1;HRAS;SOS2
GO_Biological_Process_2021,Adherens junction,18/71,5.958347387901699e-19,1.949086518415302e-18,0,0,28.58490566037736,1199.5462314410577,YES1;SRC;ACTN1;CTNND1;WAS;WASL;ACTN4;BAIAP2;RHOA;CDC42;AFDN;PARD3;RAC2;RAC3;FYN;PTPN6;RAC1;VCL
KEGG_2021_Human,Adherens junction,18/71,5.958347387901699e-19,1.949086518415302e-18,0,0,28.58490566037736,1199.5462314410577,YES1;SRC;ACTN1;CTNND1;WAS;WASL;ACTN4;BAIAP2;RHOA;CDC42;AFDN;PARD3;RAC2;RAC3;FYN;PTPN6;RAC1;VCL
KEGG_2021_Human,Melanogenesis,20/101,1.2835422085461074e-18,4.128727437489979e-18,0,0,20.93124733929332,862.302672377046,PRKCG;CALML5;CALML6;PRKCB;GNAI3;CALML3;PRKCA;CALML4;GNAI1;GNAI2;PLCB3;NRAS;PLCB4;GNAQ;CALM3;KRAS;RAF1;PLCB1;HRAS;PLCB2
GO_Biological_Process_2021,Melanogenesis,20/101,1.2835422085461074e-18,4.128727437489979e-18,0,0,20.93124733929332,862.302672377046,PRKCG;CALML5;CALML6;PRKCB;GNAI3;CALML3;PRKCA;CALML4;GNAI1;GNAI2;PLCB3;NRAS;PLCB4;GNAQ;CALM3;KRAS;RAF1;PLCB1;HRAS;PLCB2
GO_Biological_Process_2021,Vascular smooth muscle contraction,22/133,1.3921666040248949e-18,4.4047238455213895e-18,0,0,16.921817469643557,695.7518701981287,PRKCG;CALML5;ROCK1;CALML6;PRKCB;PRKCD;ITPR1;ITPR2;CALML3;PRKCA;ITPR3;BRAF;CALML4;RHOA;PLCB3;PLCB4;GNAQ;GNA11;CALM3;RAF1;PLCB1;PLCB2
KEGG_2021_Human,Vascular smooth muscle contraction,22/133,1.3921666040248949e-18,4.4047238455213895e-18,0,0,16.921817469643557,695.7518701981287,PRKCG;CALML5;ROCK1;CALML6;PRKCB;PRKCD;ITPR1;ITPR2;CALML3;PRKCA;ITPR3;BRAF;CALML4;RHOA;PLCB3;PLCB4;GNAQ;GNA11;CALM3;RAF1;PLCB1;PLCB2
KEGG_2021_Human,Amoebiasis,20/102,1.5789273467248921e-18,4.915048030933938e-18,0,0,20.67493692178301,847.4612389926114,PRKCG;PRKCB;ACTN1;PIK3R3;PIK3CD;PRKCA;PIK3R2;LAMC2;ACTN4;PIK3R1;PIK3CB;PTK2;PLCB3;PLCB4;PIK3CA;GNAQ;GNA11;PLCB1;PLCB2;VCL
GO_Biological_Process_2021,Amoebiasis,20/102,1.5789273467248921e-18,4.915048030933938e-18,0,0,20.67493692178301,847.4612389926114,PRKCG;PRKCB;ACTN1;PIK3R3;PIK3CD;PRKCA;PIK3R2;LAMC2;ACTN4;PIK3R1;PIK3CB;PTK2;PLCB3;PLCB4;PIK3CA;GNAQ;GNA11;PLCB1;PLCB2;VCL
GO_Biological_Process_2021,Human papillomavirus infection,31/331,2.7733833729847597e-18,8.496237952159662e-18,0,0,9.093333333333334,367.6113095914332,ITGB1;PXN;PTEN;PARD6G;PIK3R3;PIK3CD;PIK3R2;LAMC2;PIK3R1;PIK3CB;PRKCZ;CDC42;SLC9A3R1;PARD6B;NRAS;PARD6A;HRAS;MAGI1;PRKCI;ITGA2;PTK2;DLG1;PIK3CA;PARD3;GRB2;KRAS;RAF1;SOS1;SOS2;LLGL1;LLGL2
KEGG_2021_Human,Human papillomavirus infection,31/331,2.7733833729847597e-18,8.496237952159662e-18,0,0,9.093333333333334,367.6113095914332,ITGB1;PXN;PTEN;PARD6G;PIK3R3;PIK3CD;PIK3R2;LAMC2;PIK3R1;PIK3CB;PRKCZ;CDC42;SLC9A3R1;PARD6B;NRAS;PARD6A;HRAS;MAGI1;PRKCI;ITGA2;PTK2;DLG1;PIK3CA;PARD3;GRB2;KRAS;RAF1;SOS1;SOS2;LLGL1;LLGL2
KEGG_2021_Human,Colorectal cancer,18/86,2.4748488545809893e-17,7.463216077095795e-17,0,0,22.262443438914023,851.266130758133,PIK3CD;PIK3R3;PIK3R2;BRAF;PIK3CB;PIK3R1;RHOA;NRAS;PIK3CA;RAC2;RAC3;GRB2;KRAS;RAC1;RAF1;SOS1;HRAS;SOS2
GO_Biological_Process_2021,Colorectal cancer,18/86,2.4748488545809893e-17,7.463216077095795e-17,0,0,22.262443438914023,851.266130758133,PIK3CD;PIK3R3;PIK3R2;BRAF;PIK3CB;PIK3R1;RHOA;NRAS;PIK3CA;RAC2;RAC3;GRB2;KRAS;RAC1;RAF1;SOS1;HRAS;SOS2
KEGG_2021_Human,MicroRNAs in cancer,29/310,3.770646655464144e-17,1.1195920069301228e-16,0,0,9.00919202719308,340.697912742869,ROCK1;SHC1;PTEN;PIK3R3;PIK3CD;IRS2;PIK3R2;PIK3R1;PIK3CB;CRKL;RASSF1;NRAS;PLCG2;ABL1;PLCG1;HRAS;PRKCG;PRKCB;PRKCA;RHOA;PIK3CA;SPRY2;GRB2;KRAS;EZR;RAF1;SOS1;SOS2;CRK
GO_Biological_Process_2021,MicroRNAs in cancer,29/310,3.770646655464144e-17,1.1195920069301228e-16,0,0,9.00919202719308,340.697912742869,ROCK1;SHC1;PTEN;PIK3R3;PIK3CD;IRS2;PIK3R2;PIK3R1;PIK3CB;CRKL;RASSF1;NRAS;PLCG2;ABL1;PLCG1;HRAS;PRKCG;PRKCB;PRKCA;RHOA;PIK3CA;SPRY2;GRB2;KRAS;EZR;RAF1;SOS1;SOS2;CRK
GO_Biological_Process_2021,Cellular senescence,22/156,4.792163143219508e-17,1.3928765898225206e-16,0,0,14.000908500973392,526.1116441695256,CALML5;CALML6;ITPR1;PTEN;ITPR2;PIK3R3;PIK3CD;RRAS2;CALML3;ITPR3;PIK3R2;CALML4;PIK3R1;PIK3CB;NRAS;MRAS;RRAS;PIK3CA;CALM3;KRAS;RAF1;HRAS
KEGG_2021_Human,Cellular senescence,22/156,4.792163143219508e-17,1.3928765898225206e-16,0,0,14.000908500973392,526.1116441695256,CALML5;CALML6;ITPR1;PTEN;ITPR2;PIK3R3;PIK3CD;RRAS2;CALML3;ITPR3;PIK3R2;CALML4;PIK3R1;PIK3CB;NRAS;MRAS;RRAS;PIK3CA;CALM3;KRAS;RAF1;HRAS
KEGG_2021_Human,Calcium signaling pathway,26/240,4.835374690057455e-17,1.3928765898225206e-16,0,0,10.501281945248532,394.5120336798588,RET;CALML5;CALML6;ITPR1;ITPR2;CALML3;ITPR3;CALML4;PLCZ1;GNA11;PLCG2;PLCE1;PLCG1;PRKCG;PRKCB;PRKCA;PLCB3;PLCB4;GNAQ;ITPKA;CALM3;PLCB1;PLCD3;PLCB2;PLCD4;PLCD1
GO_Biological_Process_2021,Calcium signaling pathway,26/240,4.835374690057455e-17,1.3928765898225206e-16,0,0,10.501281945248532,394.5120336798588,RET;CALML5;CALML6;ITPR1;ITPR2;CALML3;ITPR3;CALML4;PLCZ1;GNA11;PLCG2;PLCE1;PLCG1;PRKCG;PRKCB;PRKCA;PLCB3;PLCB4;GNAQ;ITPKA;CALM3;PLCB1;PLCD3;PLCB2;PLCD4;PLCD1
KEGG_2021_Human,Fluid shear stress and atherosclerosis,21/139,5.947655977328963e-17,1.6880847112124856e-16,0,0,15.12326656394453,565.0195967425709,CALML5;CAV3;CALML6;CAV2;SRC;CAV1;PIK3R3;PIK3CD;CALML3;PIK3R2;CALML4;PIK3R1;PIK3CB;PRKCZ;PTK2;RHOA;PIK3CA;RAC2;RAC3;CALM3;RAC1
GO_Biological_Process_2021,Fluid shear stress and atherosclerosis,21/139,5.947655977328963e-17,1.6880847112124856e-16,0,0,15.12326656394453,565.0195967425709,CALML5;CAV3;CALML6;CAV2;SRC;CAV1;PIK3R3;PIK3CD;CALML3;PIK3R2;CALML4;PIK3R1;PIK3CB;PRKCZ;PTK2;RHOA;PIK3CA;RAC2;RAC3;CALM3;RAC1
GO_Biological_Process_2021,"Parathyroid hormone synthesis, secretion and action",19/106,6.877151632817634e-17,1.9236090799040632e-16,0,0,18.42824724976568,685.8208955563583,PRKCG;PRKCB;ITPR1;GNAI3;ITPR2;PRKCA;ITPR3;BRAF;RHOA;GNAI1;GNAI2;SLC9A3R1;PLCB3;PLCB4;GNAQ;GNA11;RAF1;PLCB1;PLCB2
KEGG_2021_Human,"Parathyroid hormone synthesis, secretion and action",19/106,6.877151632817634e-17,1.9236090799040632e-16,0,0,18.42824724976568,685.8208955563583,PRKCG;PRKCB;ITPR1;GNAI3;ITPR2;PRKCA;ITPR3;BRAF;RHOA;GNAI1;GNAI2;SLC9A3R1;PLCB3;PLCB4;GNAQ;GNA11;RAF1;PLCB1;PLCB2
KEGG_2021_Human,Serotonergic synapse,19/113,2.399921133589135e-16,6.458250755586885e-16,0,0,17.049858460414573,613.2139410840241,PRKCG;PRKCB;ITPR1;GNAI3;ITPR2;PRKCA;ITPR3;BRAF;GNAI1;GNAI2;PLCB3;NRAS;PLCB4;GNAQ;KRAS;RAF1;PLCB1;HRAS;PLCB2
GO_Biological_Process_2021,Serotonergic synapse,19/113,2.399921133589135e-16,6.458250755586885e-16,0,0,17.049858460414573,613.2139410840241,PRKCG;PRKCB;ITPR1;GNAI3;ITPR2;PRKCA;ITPR3;BRAF;GNAI1;GNAI2;PLCB3;NRAS;PLCB4;GNAQ;KRAS;RAF1;PLCB1;HRAS;PLCB2
GO_Biological_Process_2021,Hepatocellular carcinoma,22/168,2.405270233688202e-16,6.458250755586885e-16,0,0,12.842287075640265,461.8561497799878,PRKCG;PRKCB;SHC1;PTEN;GAB1;PIK3R3;PIK3CD;PRKCA;PIK3R2;BRAF;PIK3R1;PIK3CB;NRAS;PIK3CA;PLCG2;GRB2;KRAS;PLCG1;RAF1;SOS1;HRAS;SOS2
KEGG_2021_Human,Hepatocellular carcinoma,22/168,2.405270233688202e-16,6.458250755586885e-16,0,0,12.842287075640265,461.8561497799878,PRKCG;PRKCB;SHC1;PTEN;GAB1;PIK3R3;PIK3CD;PRKCA;PIK3R2;BRAF;PIK3R1;PIK3CB;NRAS;PIK3CA;PLCG2;GRB2;KRAS;PLCG1;RAF1;SOS1;HRAS;SOS2
KEGG_2021_Human,Circadian entrainment,18/97,2.4092956186645376e-16,6.458250755586885e-16,0,0,19.151898734177216,688.7411004816651,PRKCG;CALML5;CALML6;PRKCB;ITPR1;GNAI3;CALML3;PRKCA;ITPR3;CALML4;GNAI1;GNAI2;PLCB3;PLCB4;GNAQ;CALM3;PLCB1;PLCB2
GO_Biological_Process_2021,Circadian entrainment,18/97,2.4092956186645376e-16,6.458250755586885e-16,0,0,19.151898734177216,688.7411004816651,PRKCG;CALML5;CALML6;PRKCB;ITPR1;GNAI3;CALML3;PRKCA;ITPR3;CALML4;GNAI1;GNAI2;PLCB3;PLCB4;GNAQ;CALM3;PLCB1;PLCB2
GO_Biological_Process_2021,Renin secretion,16/69,2.6395490084586797e-16,6.978533679897606e-16,0,0,25.19347617524784,903.7089715608064,CALML5;CALML6;GNAI3;ITPR1;ITPR2;CALML3;ITPR3;CALML4;GNAI1;GNAI2;PLCB3;PLCB4;GNAQ;CALM3;PLCB1;PLCB2
KEGG_2021_Human,Renin secretion,16/69,2.6395490084586797e-16,6.978533679897606e-16,0,0,25.19347617524784,903.7089715608064,CALML5;CALML6;GNAI3;ITPR1;ITPR2;CALML3;ITPR3;CALML4;GNAI1;GNAI2;PLCB3;PLCB4;GNAQ;CALM3;PLCB1;PLCB2
KEGG_2021_Human,PI3K-Akt signaling pathway,29/354,1.2987363257442634e-15,3.387244741468146e-15,0,0,7.771879958606416,266.3997188749599,ITGB1;PTEN;PIK3R3;PIK3CD;PIK3R2;LAMC2;PIK3R1;PIK3CB;PIK3R6;PIK3CG;PIK3R5;NRAS;CD19;RAC1;HRAS;MAGI1;SYK;PDPK1;ITGA2;MAGI2;PRKCA;PTK2;PIK3CA;GRB2;KRAS;RAF1;SOS1;PIK3AP1;SOS2
GO_Biological_Process_2021,PI3K-Akt signaling pathway,29/354,1.2987363257442634e-15,3.387244741468146e-15,0,0,7.771879958606416,266.3997188749599,ITGB1;PTEN;PIK3R3;PIK3CD;PIK3R2;LAMC2;PIK3R1;PIK3CB;PIK3R6;PIK3CG;PIK3R5;NRAS;CD19;RAC1;HRAS;MAGI1;SYK;PDPK1;ITGA2;MAGI2;PRKCA;PTK2;PIK3CA;GRB2;KRAS;RAF1;SOS1;PIK3AP1;SOS2
GO_Biological_Process_2021,Prostate cancer,17/97,4.5548987921558726e-15,1.1721272891814444e-14,0,0,17.784893617021275,587.3029492505584,PDPK1;INSRR;PTEN;PIK3R3;PIK3CD;PIK3R2;BRAF;PIK3R1;PIK3CB;NRAS;PIK3CA;GRB2;KRAS;RAF1;SOS1;HRAS;SOS2
KEGG_2021_Human,Prostate cancer,17/97,4.5548987921558726e-15,1.1721272891814444e-14,0,0,17.784893617021275,587.3029492505584,PDPK1;INSRR;PTEN;PIK3R3;PIK3CD;PIK3R2;BRAF;PIK3R1;PIK3CB;NRAS;PIK3CA;GRB2;KRAS;RAF1;SOS1;HRAS;SOS2
KEGG_2021_Human,Dopaminergic synapse,19/132,4.742280565640567e-15,1.2042896699587228e-14,0,0,14.169356982794636,467.3373911426389,PRKCG;CALML5;CALML6;PRKCB;ITPR1;GNAI3;ITPR2;CALML3;PRKCA;ITPR3;CALML4;GNAI1;GNAI2;PLCB3;PLCB4;GNAQ;CALM3;PLCB1;PLCB2
GO_Biological_Process_2021,Dopaminergic synapse,19/132,4.742280565640567e-15,1.2042896699587228e-14,0,0,14.169356982794636,467.3373911426389,PRKCG;CALML5;CALML6;PRKCB;ITPR1;GNAI3;ITPR2;CALML3;PRKCA;ITPR3;CALML4;GNAI1;GNAI2;PLCB3;PLCB4;GNAQ;CALM3;PLCB1;PLCB2
GO_Biological_Process_2021,Aldosterone synthesis and secretion,17/98,5.449635113724534e-15,1.3659475025309548e-14,0,0,17.56443393748358,576.8727039344875,PRKCG;CALML5;CALML6;PRKCB;ITPR1;ITPR2;CALML3;PRKCA;ITPR3;CALML4;PLCB3;PLCB4;GNAQ;GNA11;CALM3;PLCB1;PLCB2
KEGG_2021_Human,Aldosterone synthesis and secretion,17/98,5.449635113724534e-15,1.3659475025309548e-14,0,0,17.56443393748358,576.8727039344875,PRKCG;CALML5;CALML6;PRKCB;ITPR1;ITPR2;CALML3;PRKCA;ITPR3;CALML4;PLCB3;PLCB4;GNAQ;GNA11;CALM3;PLCB1;PLCB2
KEGG_2021_Human,mTOR signaling pathway,20/154,6.781460360786465e-15,1.6618538287e-14,0,0,12.618373648996398,411.6691900923585,PRKCG;PRKCB;PDPK1;PTEN;PIK3R3;PIK3CD;PRKCA;PIK3R2;BRAF;PIK3R1;PIK3CB;RHOA;NRAS;PIK3CA;GRB2;KRAS;RAF1;SOS1;HRAS;SOS2
GO_Biological_Process_2021,mTOR signaling pathway,20/154,6.781460360786465e-15,1.6618538287e-14,0,0,12.618373648996398,411.6691900923585,PRKCG;PRKCB;PDPK1;PTEN;PIK3R3;PIK3CD;PRKCA;PIK3R2;BRAF;PIK3R1;PIK3CB;RHOA;NRAS;PIK3CA;GRB2;KRAS;RAF1;SOS1;HRAS;SOS2
GO_Biological_Process_2021,MAPK signaling pathway,26/294,6.802406863590673e-15,1.6618538287e-14,0,0,8.362171443666623,272.7865748700902,CRKL;RAP1B;CDC42;NRAS;RAP1A;RRAS;RAC2;RAC3;RAC1;HRAS;PRKCG;MAP4K1;PRKCB;RRAS2;PRKCA;BRAF;MRAS;RASA1;NF1;RAPGEF2;GRB2;KRAS;RAF1;SOS1;SOS2;CRK
KEGG_2021_Human,MAPK signaling pathway,26/294,6.802406863590673e-15,1.6618538287e-14,0,0,8.362171443666623,272.7865748700902,CRKL;RAP1B;CDC42;NRAS;RAP1A;RRAS;RAC2;RAC3;RAC1;HRAS;PRKCG;MAP4K1;PRKCB;RRAS2;PRKCA;BRAF;MRAS;RASA1;NF1;RAPGEF2;GRB2;KRAS;RAF1;SOS1;SOS2;CRK
KEGG_2021_Human,Prolactin signaling pathway,15/70,8.208279136730291e-15,1.9802473417361823e-14,0,0,22.66168009205984,735.0006175167308,SHC1;SRC;PIK3CD;PIK3R3;PIK3R2;PIK3CB;PIK3R1;NRAS;PIK3CA;GRB2;KRAS;RAF1;SOS1;HRAS;SOS2
GO_Biological_Process_2021,Prolactin signaling pathway,15/70,8.208279136730291e-15,1.9802473417361823e-14,0,0,22.66168009205984,735.0006175167308,SHC1;SRC;PIK3CD;PIK3R3;PIK3R2;PIK3CB;PIK3R1;NRAS;PIK3CA;GRB2;KRAS;RAF1;SOS1;HRAS;SOS2
KEGG_2021_Human,Spinocerebellar ataxia,19/143,2.1417280597773783e-14,5.103129821444864e-14,0,0,12.905164059255156,406.18459658214056,PRKCG;PRKCB;ITPR1;ITPR2;PIK3R3;PIK3CD;PRKCA;ITPR3;PIK3R2;PIK3R1;PIK3CB;PLCB3;DAB1;PLCB4;PIK3CA;GNAQ;PIK3C3;PLCB1;PLCB2
GO_Biological_Process_2021,Spinocerebellar ataxia,19/143,2.1417280597773783e-14,5.103129821444864e-14,0,0,12.905164059255156,406.18459658214056,PRKCG;PRKCB;ITPR1;ITPR2;PIK3R3;PIK3CD;PRKCA;ITPR3;PIK3R2;PIK3R1;PIK3CB;PLCB3;DAB1;PLCB4;PIK3CA;GNAQ;PIK3C3;PLCB1;PLCB2
GO_Biological_Process_2021,Pancreatic cancer,15/76,3.022253926018004e-14,7.113353752700911e-14,0,0,20.426437020128656,635.8788330996563,RALBP1;PIK3CD;PIK3R3;PIK3R2;BRAF;PIK3CB;PIK3R1;CDC42;PIK3CA;RAC2;RAC3;KRAS;RAC1;RAF1;ARHGEF6
KEGG_2021_Human,Pancreatic cancer,15/76,3.022253926018004e-14,7.113353752700911e-14,0,0,20.426437020128656,635.8788330996563,RALBP1;PIK3CD;PIK3R3;PIK3R2;BRAF;PIK3CB;PIK3R1;CDC42;PIK3CA;RAC2;RAC3;KRAS;RAC1;RAF1;ARHGEF6
KEGG_2021_Human,Salivary secretion,16/93,4.017905549366602e-14,9.342840614792221e-14,0,0,17.319832709663217,534.2376968567122,PRKCG;CALML5;CALML6;PRKCB;ITPR1;ITPR2;CALML3;PRKCA;ITPR3;CALML4;PLCB3;PLCB4;GNAQ;CALM3;PLCB1;PLCB2
GO_Biological_Process_2021,Salivary secretion,16/93,4.017905549366602e-14,9.342840614792221e-14,0,0,17.319832709663217,534.2376968567122,PRKCG;CALML5;CALML6;PRKCB;ITPR1;ITPR2;CALML3;PRKCA;ITPR3;CALML4;PLCB3;PLCB4;GNAQ;CALM3;PLCB1;PLCB2
GO_Biological_Process_2021,FoxO signaling pathway,18/131,5.820026514410625e-14,1.3372203777157742e-13,0,0,13.366235534377129,407.3345106344715,PDPK1;IRS4;PTEN;PIK3R3;PIK3CD;IRS2;PIK3R2;BRAF;PIK3R1;PIK3CB;NRAS;PIK3CA;GRB2;KRAS;RAF1;SOS1;HRAS;SOS2
KEGG_2021_Human,FoxO signaling pathway,18/131,5.820026514410625e-14,1.3372203777157742e-13,0,0,13.366235534377129,407.3345106344715,PDPK1;IRS4;PTEN;PIK3R3;PIK3CD;IRS2;PIK3R2;BRAF;PIK3R1;PIK3CB;NRAS;PIK3CA;GRB2;KRAS;RAF1;SOS1;HRAS;SOS2
KEGG_2021_Human,Acute myeloid leukemia,14/67,9.564355735827417e-14,2.1716713611937546e-13,0,0,21.85904550499445,655.2937025490437,PIK3CD;PIK3R3;PIK3R2;BRAF;PIK3CB;PIK3R1;NRAS;PIK3CA;GRB2;KRAS;RAF1;SOS1;HRAS;SOS2
GO_Biological_Process_2021,Acute myeloid leukemia,14/67,9.564355735827417e-14,2.1716713611937546e-13,0,0,21.85904550499445,655.2937025490437,PIK3CD;PIK3R3;PIK3R2;BRAF;PIK3CB;PIK3R1;NRAS;PIK3CA;GRB2;KRAS;RAF1;SOS1;HRAS;SOS2
GO_Biological_Process_2021,Alzheimer disease,27/369,2.0324581655640787e-13,4.561214255277524e-13,0,0,6.809122807017544,198.9922577587961,CALML5;CALML6;IRS4;ITPR1;ITPR2;PIK3R3;PIK3CD;CALML3;IRS2;ITPR3;PIK3R2;CALML4;PIK3R1;PIK3CB;NRAS;HRAS;BRAF;PLCB3;PLCB4;PIK3CA;GNAQ;CALM3;PIK3C3;KRAS;PLCB1;RAF1;PLCB2
KEGG_2021_Human,Alzheimer disease,27/369,2.0324581655640787e-13,4.561214255277524e-13,0,0,6.809122807017544,198.9922577587961,CALML5;CALML6;IRS4;ITPR1;ITPR2;PIK3R3;PIK3CD;CALML3;IRS2;ITPR3;PIK3R2;CALML4;PIK3R1;PIK3CB;NRAS;HRAS;BRAF;PLCB3;PLCB4;PIK3CA;GNAQ;CALM3;PIK3C3;KRAS;PLCB1;RAF1;PLCB2
KEGG_2021_Human,Neutrophil extracellular trap formation,20/189,3.5334151133394135e-13,7.8384955962587e-13,0,0,9.9872475005101,286.3477822485987,PRKCG;SYK;PRKCB;SRC;PIK3R3;PIK3CD;PRKCA;PIK3R2;PIK3R1;PIK3CB;PLCB3;PLCB4;PIK3CA;PLCG2;RAC2;PLCG1;RAC1;RAF1;PLCB1;PLCB2
GO_Biological_Process_2021,Neutrophil extracellular trap formation,20/189,3.5334151133394135e-13,7.8384955962587e-13,0,0,9.9872475005101,286.3477822485987,PRKCG;SYK;PRKCB;SRC;PIK3R3;PIK3CD;PRKCA;PIK3R2;PIK3R1;PIK3CB;PLCB3;PLCB4;PIK3CA;PLCG2;RAC2;PLCG1;RAC1;RAF1;PLCB1;PLCB2
GO_Biological_Process_2021,Aldosterone-regulated sodium reabsorption,11/37,6.538830728234419e-13,1.434084466533231e-12,0,0,34.622087456112354,971.3520178200896,PRKCG;PIK3CA;PDPK1;PRKCB;PIK3CD;PIK3R3;PIK3R2;PRKCA;KRAS;PIK3CB;PIK3R1
KEGG_2021_Human,Aldosterone-regulated sodium reabsorption,11/37,6.538830728234419e-13,1.434084466533231e-12,0,0,34.622087456112354,971.3520178200896,PRKCG;PIK3CA;PDPK1;PRKCB;PIK3CD;PIK3R3;PIK3R2;PRKCA;KRAS;PIK3CB;PIK3R1
KEGG_2021_Human,Viral carcinogenesis,20/203,1.359306167428155e-12,2.9477088799284717e-12,0,0,9.216600716035424,251.83482854030515,LYN;SYK;SRC;ACTN1;PXN;PIK3R3;PIK3CD;PIK3R2;ACTN4;PIK3R1;PIK3CB;RHOA;CDC42;NRAS;DLG1;PIK3CA;GRB2;KRAS;RAC1;HRAS
GO_Biological_Process_2021,Viral carcinogenesis,20/203,1.359306167428155e-12,2.9477088799284717e-12,0,0,9.216600716035424,251.83482854030515,LYN;SYK;SRC;ACTN1;PXN;PIK3R3;PIK3CD;PIK3R2;ACTN4;PIK3R1;PIK3CB;RHOA;CDC42;NRAS;DLG1;PIK3CA;GRB2;KRAS;RAC1;HRAS
GO_Biological_Process_2021,Hepatitis B,18/162,2.401907273100616e-12,5.15075670787132e-12,0,0,10.47222222222222,280.18177124692613,PRKCG;PRKCB;SRC;PIK3R3;PIK3CD;PRKCA;PIK3R2;BRAF;PIK3R1;PIK3CB;NRAS;PIK3CA;GRB2;KRAS;RAF1;SOS1;HRAS;SOS2
KEGG_2021_Human,Hepatitis B,18/162,2.401907273100616e-12,5.15075670787132e-12,0,0,10.47222222222222,280.18177124692613,PRKCG;PRKCB;SRC;PIK3R3;PIK3CD;PRKCA;PIK3R2;BRAF;PIK3R1;PIK3CB;NRAS;PIK3CA;GRB2;KRAS;RAF1;SOS1;HRAS;SOS2
KEGG_2021_Human,Chagas disease,15/102,2.7753734380196848e-12,5.822250799323905e-12,0,0,14.303069983995345,380.6080650170405,GNAI3;PIK3R3;PIK3CD;PIK3R2;PIK3R1;PIK3CB;GNAI1;GNAI2;PLCB3;PLCB4;PIK3CA;GNAQ;GNA11;PLCB1;PLCB2
GO_Biological_Process_2021,Chagas disease,15/102,2.7753734380196848e-12,5.822250799323905e-12,0,0,14.303069983995345,380.6080650170405,GNAI3;PIK3R3;PIK3CD;PIK3R2;PIK3R1;PIK3CB;GNAI1;GNAI2;PLCB3;PLCB4;PIK3CA;GNAQ;GNA11;PLCB1;PLCB2
GO_Biological_Process_2021,Pancreatic secretion,15/102,2.7753734380196848e-12,5.822250799323905e-12,0,0,14.303069983995345,380.6080650170405,PRKCG;PRKCB;ITPR1;ITPR2;PRKCA;ITPR3;RHOA;RAP1B;PLCB3;RAP1A;PLCB4;GNAQ;RAC1;PLCB1;PLCB2
KEGG_2021_Human,Pancreatic secretion,15/102,2.7753734380196848e-12,5.822250799323905e-12,0,0,14.303069983995345,380.6080650170405,PRKCG;PRKCB;ITPR1;ITPR2;PRKCA;ITPR3;RHOA;RAP1B;PLCB3;RAP1A;PLCB4;GNAQ;RAC1;PLCB1;PLCB2
KEGG_2021_Human,Osteoclast differentiation,16/127,5.892591323984687e-12,1.2228711027194026e-11,0,0,11.993892197282028,310.1299717010189,SYK;PIK3R3;PIK3CD;PIK3R2;PIK3R1;PIK3CB;GAB2;PIK3CA;LCK;BTK;PLCG2;BLNK;GRB2;LCP2;FYN;RAC1
GO_Biological_Process_2021,Osteoclast differentiation,16/127,5.892591323984687e-12,1.2228711027194026e-11,0,0,11.993892197282028,310.1299717010189,SYK;PIK3R3;PIK3CD;PIK3R2;PIK3R1;PIK3CB;GAB2;PIK3CA;LCK;BTK;PLCG2;BLNK;GRB2;LCP2;FYN;RAC1
GO_Biological_Process_2021,Adrenergic signaling in cardiomyocytes,17/150,7.199413904825238e-12,1.4781775357779477e-11,0,0,10.668852983522635,273.730990328729,CALML5;CALML6;GNAI3;CALML3;PRKCA;CALML4;PIK3R6;PIK3CG;GNAI1;PIK3R5;GNAI2;PLCB3;PLCB4;GNAQ;CALM3;PLCB1;PLCB2
KEGG_2021_Human,Adrenergic signaling in cardiomyocytes,17/150,7.199413904825238e-12,1.4781775357779477e-11,0,0,10.668852983522635,273.730990328729,CALML5;CALML6;GNAI3;CALML3;PRKCA;CALML4;PIK3R6;PIK3CG;GNAI1;PIK3R5;GNAI2;PLCB3;PLCB4;GNAQ;CALM3;PLCB1;PLCB2
KEGG_2021_Human,Carbohydrate digestion and absorption,11/47,1.1921520091267515e-11,2.4219509238048747e-11,0,0,24.992162286768096,628.6197589886506,PLCB3;PLCB4;PIK3CA;PRKCB;PIK3CD;PIK3R3;PIK3R2;PIK3CB;PIK3R1;PLCB1;PLCB2
GO_Biological_Process_2021,Carbohydrate digestion and absorption,11/47,1.1921520091267515e-11,2.4219509238048747e-11,0,0,24.992162286768096,628.6197589886506,PLCB3;PLCB4;PIK3CA;PRKCB;PIK3CD;PIK3R3;PIK3R2;PIK3CB;PIK3R1;PLCB1;PLCB2
GO_Biological_Process_2021,Chemical carcinogenesis,20/239,2.7666743992754448e-11,5.562168323543343e-11,0,0,7.687372067390962,186.8860879966992,PRKCG;PRKCB;SRC;GNAI3;PIK3R3;PIK3CD;PRKCA;PIK3R2;PIK3R1;PIK3CB;GNAI1;GNAI2;NRAS;PIK3CA;GRB2;KRAS;RAF1;SOS1;HRAS;SOS2
KEGG_2021_Human,Chemical carcinogenesis,20/239,2.7666743992754448e-11,5.562168323543343e-11,0,0,7.687372067390962,186.8860879966992,PRKCG;PRKCB;SRC;GNAI3;PIK3R3;PIK3CD;PRKCA;PIK3R2;PIK3R1;PIK3CB;GNAI1;GNAI2;NRAS;PIK3CA;GRB2;KRAS;RAF1;SOS1;HRAS;SOS2
KEGG_2021_Human,Breast cancer,16/147,5.621706013738127e-11,1.118545629537586e-10,0,0,10.15241299003752,239.6152294762026,SHC1;PTEN;PIK3R3;PIK3CD;PIK3R2;BRAF;PIK3R1;PIK3CB;NRAS;PIK3CA;GRB2;KRAS;RAF1;SOS1;HRAS;SOS2
GO_Biological_Process_2021,Breast cancer,16/147,5.621706013738127e-11,1.118545629537586e-10,0,0,10.15241299003752,239.6152294762026,SHC1;PTEN;PIK3R3;PIK3CD;PIK3R2;BRAF;PIK3R1;PIK3CB;NRAS;PIK3CA;GRB2;KRAS;RAF1;SOS1;HRAS;SOS2
GO_Biological_Process_2021,Central carbon metabolism in cancer,12/70,6.864074181704087e-11,1.3461714113068287e-10,0,0,16.974137931034484,397.2310648831199,RET;NRAS;PIK3CA;PTEN;PIK3CD;PIK3R3;PIK3R2;KRAS;PIK3CB;PIK3R1;RAF1;HRAS
KEGG_2021_Human,Central carbon metabolism in cancer,12/70,6.864074181704087e-11,1.3461714113068287e-10,0,0,16.974137931034484,397.2310648831199,RET;NRAS;PIK3CA;PTEN;PIK3CD;PIK3R3;PIK3R2;KRAS;PIK3CB;PIK3R1;RAF1;HRAS
KEGG_2021_Human,Gastric cancer,16/149,6.905231591677515e-11,1.3461714113068287e-10,0,0,9.998725627628392,233.93175155358955,SHC1;GAB1;PIK3R3;PIK3CD;PIK3R2;BRAF;PIK3R1;PIK3CB;NRAS;PIK3CA;GRB2;KRAS;RAF1;SOS1;HRAS;SOS2
GO_Biological_Process_2021,Gastric cancer,16/149,6.905231591677515e-11,1.3461714113068287e-10,0,0,9.998725627628392,233.93175155358955,SHC1;GAB1;PIK3R3;PIK3CD;PIK3R2;BRAF;PIK3R1;PIK3CB;NRAS;PIK3CA;GRB2;KRAS;RAF1;SOS1;HRAS;SOS2
KEGG_2021_Human,Regulation of lipolysis in adipocytes,11/55,7.494451995442597e-11,1.4464292351204208e-10,0,0,20.439834024896264,476.53987073697766,PIK3CA;IRS4;GNAI3;PIK3CD;PIK3R3;IRS2;PIK3R2;PIK3CB;PIK3R1;GNAI1;GNAI2
GO_Biological_Process_2021,Regulation of lipolysis in adipocytes,11/55,7.494451995442597e-11,1.4464292351204208e-10,0,0,20.439834024896264,476.53987073697766,PIK3CA;IRS4;GNAI3;PIK3CD;PIK3R3;IRS2;PIK3R2;PIK3CB;PIK3R1;GNAI1;GNAI2
KEGG_2021_Human,Melanoma,12/72,9.6940523718453e-11,1.8524278294714288e-10,0,0,16.406666666666666,378.2872579448277,NRAS;PIK3CA;PTEN;PIK3CD;PIK3R3;PIK3R2;BRAF;KRAS;PIK3CB;PIK3R1;RAF1;HRAS
GO_Biological_Process_2021,Melanoma,12/72,9.6940523718453e-11,1.8524278294714288e-10,0,0,16.406666666666666,378.2872579448277,NRAS;PIK3CA;PTEN;PIK3CD;PIK3R3;PIK3R2;BRAF;KRAS;PIK3CB;PIK3R1;RAF1;HRAS
GO_Biological_Process_2021,Diabetic cardiomyopathy,18/203,1.0809485805460612e-10,2.0453242749548023e-10,0,0,8.134303534303534,186.66609478314717,PRKCG;PRKCB;PRKCD;PTEN;PIK3R3;PIK3CD;PRKCA;PIK3R2;PIK3R1;PIK3CB;PRKCZ;PLCB3;PLCB4;PIK3CA;RAC2;RAC1;PLCB1;PLCB2
KEGG_2021_Human,Diabetic cardiomyopathy,18/203,1.0809485805460612e-10,2.0453242749548023e-10,0,0,8.134303534303534,186.66609478314717,PRKCG;PRKCB;PRKCD;PTEN;PIK3R3;PIK3CD;PRKCA;PIK3R2;PIK3R1;PIK3CB;PRKCZ;PLCB3;PLCB4;PIK3CA;RAC2;RAC1;PLCB1;PLCB2
KEGG_2021_Human,Glutamatergic synapse,14/114,1.8076806996585455e-10,3.3872075246029056e-10,0,0,11.55764705882353,259.2820152596917,PRKCG;PRKCB;ITPR1;GNAI3;ITPR2;PRKCA;ITPR3;GNAI1;GNAI2;PLCB3;PLCB4;GNAQ;PLCB1;PLCB2
GO_Biological_Process_2021,Glutamatergic synapse,14/114,1.8076806996585455e-10,3.3872075246029056e-10,0,0,11.55764705882353,259.2820152596917,PRKCG;PRKCB;ITPR1;GNAI3;ITPR2;PRKCA;ITPR3;GNAI1;GNAI2;PLCB3;PLCB4;GNAQ;PLCB1;PLCB2
KEGG_2021_Human,Alcoholism,17/186,2.250645620417268e-10,4.1766788917358905e-10,0,0,8.380788115321668,186.1761390418264,CALML5;CALML6;SHC1;GNAI3;CALML3;BRAF;CALML4;GNAI1;GNAI2;NRAS;CALM3;GRB2;KRAS;RAF1;SOS1;HRAS;SOS2
GO_Biological_Process_2021,Alcoholism,17/186,2.250645620417268e-10,4.1766788917358905e-10,0,0,8.380788115321668,186.1761390418264,CALML5;CALML6;SHC1;GNAI3;CALML3;BRAF;CALML4;GNAI1;GNAI2;NRAS;CALM3;GRB2;KRAS;RAF1;SOS1;HRAS;SOS2
GO_Biological_Process_2021,Type II diabetes mellitus,10/46,2.3090472964536475e-10,4.244248840148133e-10,0,0,22.626262626262623,502.0545015395138,PIK3CA;PRKCD;IRS4;PIK3CD;PIK3R3;IRS2;PIK3R2;PIK3CB;PIK3R1;PRKCZ
KEGG_2021_Human,Type II diabetes mellitus,10/46,2.3090472964536475e-10,4.244248840148133e-10,0,0,22.626262626262623,502.0545015395138,PIK3CA;PRKCD;IRS4;PIK3CD;PIK3R3;IRS2;PIK3R2;PIK3CB;PIK3R1;PRKCZ
GO_Biological_Process_2021,Pathogenic Escherichia coli infection,17/197,5.519577036569725e-10,1.0049795925075066e-09,0,0,7.864208037825059,167.64564566914072,ITGB1;ROCK1;SRC;PTPN11;WASL;BAIAP2;RHOA;CDC42;SLC9A3R1;ABL1;NCK2;FYN;PTPN6;RAC1;EZR;ARF6;NCK1
KEGG_2021_Human,Pathogenic Escherichia coli infection,17/197,5.519577036569725e-10,1.0049795925075066e-09,0,0,7.864208037825059,167.64564566914072,ITGB1;ROCK1;SRC;PTPN11;WASL;BAIAP2;RHOA;CDC42;SLC9A3R1;ABL1;NCK2;FYN;PTPN6;RAC1;EZR;ARF6;NCK1
GO_Biological_Process_2021,Glucagon signaling pathway,13/107,9.379889676359027e-10,1.691886642558217e-09,0,0,11.372830054304282,236.41023603740916,CALML5;CALML6;ITPR1;ITPR2;CALML3;ITPR3;CALML4;PLCB3;PLCB4;GNAQ;CALM3;PLCB1;PLCB2
KEGG_2021_Human,Glucagon signaling pathway,13/107,9.379889676359027e-10,1.691886642558217e-09,0,0,11.372830054304282,236.41023603740916,CALML5;CALML6;ITPR1;ITPR2;CALML3;ITPR3;CALML4;PLCB3;PLCB4;GNAQ;CALM3;PLCB1;PLCB2
KEGG_2021_Human,Endocrine and other factor-regulated calcium reabsorption,10/53,1.0223796212746943e-09,1.8270302491297782e-09,0,0,18.936190659235056,392.0006006826249,PRKCG;PLCB3;PLCB4;PRKCB;GNAQ;CLTC;AP2A1;PRKCA;PLCB1;PLCB2
GO_Biological_Process_2021,Endocrine and other factor-regulated calcium reabsorption,10/53,1.0223796212746943e-09,1.8270302491297782e-09,0,0,18.936190659235056,392.0006006826249,PRKCG;PLCB3;PLCB4;PRKCB;GNAQ;CLTC;AP2A1;PRKCA;PLCB1;PLCB2
KEGG_2021_Human,Insulin resistance,13/108,1.0545243007546771e-09,1.8671852297766303e-09,0,0,11.25254349262277,232.59205524430607,PRKCB;PDPK1;PRKCD;PTEN;PIK3R3;PIK3CD;IRS2;PIK3R2;PTPN11;PIK3R1;PIK3CB;PRKCZ;PIK3CA
GO_Biological_Process_2021,Insulin resistance,13/108,1.0545243007546771e-09,1.8671852297766303e-09,0,0,11.25254349262277,232.59205524430607,PRKCB;PDPK1;PRKCD;PTEN;PIK3R3;PIK3CD;IRS2;PIK3R2;PTPN11;PIK3R1;PIK3CB;PRKCZ;PIK3CA
GO_Biological_Process_2021,Cushing syndrome,15/155,1.1970313077036027e-09,2.1002458398799572e-09,0,0,8.864376130198915,182.10461301051131,ITPR1;GNAI3;ITPR2;ITPR3;BRAF;GNAI1;GNAI2;RAP1B;PLCB3;RAP1A;PLCB4;GNAQ;GNA11;PLCB1;PLCB2
KEGG_2021_Human,Cushing syndrome,15/155,1.1970313077036027e-09,2.1002458398799572e-09,0,0,8.864376130198915,182.10461301051131,ITPR1;GNAI3;ITPR2;ITPR3;BRAF;GNAI1;GNAI2;RAP1B;PLCB3;RAP1A;PLCB4;GNAQ;GNA11;PLCB1;PLCB2
GO_Biological_Process_2021,JAK-STAT signaling pathway,15/162,2.2152651516492638e-09,3.851767335750522e-09,0,0,8.439249117368467,168.17645959995698,PIK3R3;PIK3CD;PIK3R2;PTPN11;PIK3R1;STAM;PIK3CB;PIK3CA;GRB2;PTPN6;RAF1;SOS1;STAM2;HRAS;SOS2
KEGG_2021_Human,JAK-STAT signaling pathway,15/162,2.2152651516492638e-09,3.851767335750522e-09,0,0,8.439249117368467,168.17645959995698,PIK3R3;PIK3CD;PIK3R2;PTPN11;PIK3R1;STAM;PIK3CB;PIK3CA;GRB2;PTPN6;RAF1;SOS1;STAM2;HRAS;SOS2
KEGG_2021_Human,Thyroid hormone synthesis,11/75,2.4577566677946073e-09,4.235241400753207e-09,0,0,14.038122406639005,278.2919748047416,PRKCG;PLCB3;PLCB4;PRKCB;GNAQ;ITPR1;ITPR2;PRKCA;ITPR3;PLCB1;PLCB2
GO_Biological_Process_2021,Thyroid hormone synthesis,11/75,2.4577566677946073e-09,4.235241400753207e-09,0,0,14.038122406639005,278.2919748047416,PRKCG;PLCB3;PLCB4;PRKCB;GNAQ;ITPR1;ITPR2;PRKCA;ITPR3;PLCB1;PLCB2
GO_Biological_Process_2021,Apoptosis,14/142,3.391350283214011e-09,5.792306235931895e-09,0,0,9.016544117647058,175.84098313680235,PDPK1;ITPR1;ITPR2;PIK3R3;PIK3CD;ITPR3;PIK3R2;PIK3R1;PIK3CB;NRAS;PIK3CA;KRAS;RAF1;HRAS
KEGG_2021_Human,Apoptosis,14/142,3.391350283214011e-09,5.792306235931895e-09,0,0,9.016544117647058,175.84098313680235,PDPK1;ITPR1;ITPR2;PIK3R3;PIK3CD;ITPR3;PIK3R2;PIK3R1;PIK3CB;NRAS;PIK3CA;KRAS;RAF1;HRAS
KEGG_2021_Human,Progesterone-mediated oocyte maturation,12/100,4.85434677829332e-09,8.218323931672025e-09,0,0,11.170454545454543,213.84038225566405,PIK3CA;GNAI3;PIK3R3;PIK3CD;PIK3R2;BRAF;KRAS;PIK3R1;PIK3CB;RAF1;GNAI1;GNAI2
GO_Biological_Process_2021,Progesterone-mediated oocyte maturation,12/100,4.85434677829332e-09,8.218323931672025e-09,0,0,11.170454545454543,213.84038225566405,PIK3CA;GNAI3;PIK3R3;PIK3CD;PIK3R2;BRAF;KRAS;PIK3R1;PIK3CB;RAF1;GNAI1;GNAI2
GO_Biological_Process_2021,Retrograde endocannabinoid signaling,14/148,5.820340513379256e-09,9.768049731149537e-09,0,0,8.610184372256365,163.26551591765124,PRKCG;PRKCB;ITPR1;GNAI3;ITPR2;PRKCA;ITPR3;GNAI1;GNAI2;PLCB3;PLCB4;GNAQ;PLCB1;PLCB2
KEGG_2021_Human,Retrograde endocannabinoid signaling,14/148,5.820340513379256e-09,9.768049731149537e-09,0,0,8.610184372256365,163.26551591765124,PRKCG;PRKCB;ITPR1;GNAI3;ITPR2;PRKCA;ITPR3;GNAI1;GNAI2;PLCB3;PLCB4;GNAQ;PLCB1;PLCB2
KEGG_2021_Human,Pathways of neurodegeneration,24/475,8.778544409475072e-09,1.460568164679904e-08,0,0,4.503909441008286,83.55182239039524,PRKCG;CALML5;CALML6;PRKCB;ITPR1;ITPR2;CALML3;PRKCA;BRAF;ITPR3;CALML4;PLCB3;NRAS;PLCB4;GNAQ;CALM3;PIK3C3;KRAS;PLCG1;RAC1;PLCB1;RAF1;PLCB2;HRAS
GO_Biological_Process_2021,Pathways of neurodegeneration,24/475,8.778544409475072e-09,1.460568164679904e-08,0,0,4.503909441008286,83.55182239039524,PRKCG;CALML5;CALML6;PRKCB;ITPR1;ITPR2;CALML3;PRKCA;BRAF;ITPR3;CALML4;PLCB3;NRAS;PLCB4;GNAQ;CALM3;PIK3C3;KRAS;PLCG1;RAC1;PLCB1;RAF1;PLCB2;HRAS
GO_Biological_Process_2021,Hepatitis C,14/157,1.2489009600353611e-08,2.060152865699356e-08,0,0,8.064582476347182,146.76263331416396,PIK3R3;PIK3CD;PIK3R2;BRAF;PIK3R1;PIK3CB;NRAS;PIK3CA;GRB2;KRAS;RAF1;SOS1;HRAS;SOS2
KEGG_2021_Human,Hepatitis C,14/157,1.2489009600353611e-08,2.060152865699356e-08,0,0,8.064582476347182,146.76263331416396,PIK3R3;PIK3CD;PIK3R2;BRAF;PIK3R1;PIK3CB;NRAS;PIK3CA;GRB2;KRAS;RAF1;SOS1;HRAS;SOS2
KEGG_2021_Human,African trypanosomiasis,8/37,1.6004492178376837e-08,2.617683890192144e-08,0,0,22.293951384963258,400.18526452556176,PRKCG;PLCB3;PLCB4;PRKCB;GNAQ;PRKCA;PLCB1;PLCB2
GO_Biological_Process_2021,African trypanosomiasis,8/37,1.6004492178376837e-08,2.617683890192144e-08,0,0,22.293951384963258,400.18526452556176,PRKCG;PLCB3;PLCB4;PRKCB;GNAQ;PRKCA;PLCB1;PLCB2
GO_Biological_Process_2021,Salmonella infection,17/249,1.9261775838890448e-08,3.123968686475509e-08,0,0,6.085326485693323,108.10669662789329,PIK3CD;PIK3C2G;WASL;PIK3CB;PIK3C2A;RHOA;PIK3CG;PIK3C2B;CDC42;RRAS;PIK3CA;SNX9;PIK3C3;RAC1;RAF1;HRAS;ARF6
KEGG_2021_Human,Salmonella infection,17/249,1.9261775838890448e-08,3.123968686475509e-08,0,0,6.085326485693323,108.10669662789329,PIK3CD;PIK3C2G;WASL;PIK3CB;PIK3C2A;RHOA;PIK3CG;PIK3C2B;CDC42;RRAS;PIK3CA;SNX9;PIK3C3;RAC1;RAF1;HRAS;ARF6
KEGG_2021_Human,Small cell lung cancer,11/92,2.2339920393271284e-08,3.5930038632511315e-08,0,0,11.082270375493058,195.235144879248,ITGB1;PIK3CA;ITGA2;PTEN;PIK3CD;PIK3R3;LAMC2;PIK3R2;PIK3CB;PIK3R1;PTK2
GO_Biological_Process_2021,Small cell lung cancer,11/92,2.2339920393271284e-08,3.5930038632511315e-08,0,0,11.082270375493058,195.235144879248,ITGB1;PIK3CA;ITGA2;PTEN;PIK3CD;PIK3R3;LAMC2;PIK3R2;PIK3CB;PIK3R1;PTK2
GO_Biological_Process_2021,Pertussis,10/76,3.8831293350914616e-08,6.19375174936076e-08,0,0,12.322814926120712,210.27699924232013,ITGB1;CALML5;CALML6;GNAI3;CALML3;CALM3;CALML4;RHOA;GNAI1;GNAI2
KEGG_2021_Human,Pertussis,10/76,3.8831293350914616e-08,6.19375174936076e-08,0,0,12.322814926120712,210.27699924232013,ITGB1;CALML5;CALML6;GNAI3;CALML3;CALM3;CALML4;RHOA;GNAI1;GNAI2
KEGG_2021_Human,Longevity regulating pathway,11/102,6.627913248689449e-08,1.0485141450795605e-07,0,0,9.859422734941408,162.9702507885005,NRAS;PIK3CA;IRS4;PIK3R3;PIK3CD;IRS2;PIK3R2;KRAS;PIK3R1;PIK3CB;HRAS
GO_Biological_Process_2021,Longevity regulating pathway,11/102,6.627913248689449e-08,1.0485141450795605e-07,0,0,9.859422734941408,162.9702507885005,NRAS;PIK3CA;IRS4;PIK3R3;PIK3CD;IRS2;PIK3R2;KRAS;PIK3R1;PIK3CB;HRAS
GO_Biological_Process_2021,Cortisol synthesis and secretion,9/65,1.1994927177785168e-07,1.882130849847592e-07,0,0,13.023809523809524,207.549993203416,PLCB3;PLCB4;GNA11;GNAQ;ITPR1;ITPR2;ITPR3;PLCB1;PLCB2
KEGG_2021_Human,Cortisol synthesis and secretion,9/65,1.1994927177785168e-07,1.882130849847592e-07,0,0,13.023809523809524,207.549993203416,PLCB3;PLCB4;GNA11;GNAQ;ITPR1;ITPR2;ITPR3;PLCB1;PLCB2
GO_Biological_Process_2021,Insulin secretion,10/86,1.2901306011943633e-07,2.008025855084775e-07,0,0,10.695954762940408,169.67369748207028,PRKCG;PLCB3;PLCB4;PRKCB;GNA11;GNAQ;PRKCA;ITPR3;PLCB1;PLCB2
KEGG_2021_Human,Insulin secretion,10/86,1.2901306011943633e-07,2.008025855084775e-07,0,0,10.695954762940408,169.67369748207028,PRKCG;PLCB3;PLCB4;PRKCB;GNA11;GNAQ;PRKCA;ITPR3;PLCB1;PLCB2
KEGG_2021_Human,HIF-1 signaling pathway,11/109,1.3210736737467876e-07,2.0397377522650402e-07,0,0,9.151918028622235,144.96318623409147,PRKCG;PIK3CA;PRKCB;PLCG2;PIK3R3;PIK3CD;PRKCA;PIK3R2;PIK3R1;PLCG1;PIK3CB
GO_Biological_Process_2021,HIF-1 signaling pathway,11/109,1.3210736737467876e-07,2.0397377522650402e-07,0,0,9.151918028622235,144.96318623409147,PRKCG;PIK3CA;PRKCB;PLCG2;PIK3R3;PIK3CD;PRKCA;PIK3R2;PIK3R1;PLCG1;PIK3CB
GO_Biological_Process_2021,Prion disease,16/273,4.098292738571299e-07,6.277543639240165e-07,0,0,5.141726571258985,75.62207295991179,CAV3;CAV2;CAV1;PRKCD;ITPR1;ITPR2;PIK3R3;PIK3CD;ITPR3;PIK3R2;PIK3R1;PIK3CB;PIK3CA;RAC2;FYN;RAC1
KEGG_2021_Human,Prion disease,16/273,4.098292738571299e-07,6.277543639240165e-07,0,0,5.141726571258985,75.62207295991179,CAV3;CAV2;CAV1;PRKCD;ITPR1;ITPR2;PIK3R3;PIK3CD;ITPR3;PIK3R2;PIK3R1;PIK3CB;PIK3CA;RAC2;FYN;RAC1
KEGG_2021_Human,Bladder cancer,7/41,7.235993894464564e-07,1.099643166639103e-06,0,0,16.56638655462185,234.23260214855244,NRAS;RASSF1;SRC;BRAF;KRAS;RAF1;HRAS
GO_Biological_Process_2021,Bladder cancer,7/41,7.235993894464564e-07,1.099643166639103e-06,0,0,16.56638655462185,234.23260214855244,NRAS;RASSF1;SRC;BRAF;KRAS;RAF1;HRAS
KEGG_2021_Human,NF-kappa B signaling pathway,10/104,7.799670914363983e-07,1.1760441300564442e-06,0,0,8.639880429048707,121.51140025092197,LYN;ZAP70;SYK;PRKCB;LCK;BTK;PLCG2;BLNK;PLCG1;LAT
GO_Biological_Process_2021,NF-kappa B signaling pathway,10/104,7.799670914363983e-07,1.1760441300564442e-06,0,0,8.639880429048707,121.51140025092197,LYN;ZAP70;SYK;PRKCB;LCK;BTK;PLCG2;BLNK;PLCG1;LAT
GO_Biological_Process_2021,Viral myocarditis,8/60,8.261634495442138e-07,1.2360429904033586e-06,0,0,12.418663303909206,173.9416747733131,CAV1;RAC2;ABL1;CD28;RAC3;ABL2;FYN;RAC1
KEGG_2021_Human,Viral myocarditis,8/60,8.261634495442138e-07,1.2360429904033586e-06,0,0,12.418663303909206,173.9416747733131,CAV1;RAC2;ABL1;CD28;RAC3;ABL2;FYN;RAC1
KEGG_2021_Human,Epstein-Barr virus infection,13/202,1.8144113140468423e-06,2.6937029508541582e-06,0,0,5.628987624803524,74.41380626947098,LYN;SYK;PIK3R3;PIK3CD;PIK3R2;PIK3R1;PIK3CB;PIK3CA;CD19;BTK;PLCG2;BLNK;RAC1
GO_Biological_Process_2021,Epstein-Barr virus infection,13/202,1.8144113140468423e-06,2.6937029508541582e-06,0,0,5.628987624803524,74.41380626947098,LYN;SYK;PIK3R3;PIK3CD;PIK3R2;PIK3R1;PIK3CB;PIK3CA;CD19;BTK;PLCG2;BLNK;RAC1
GO_Biological_Process_2021,Signaling pathways regulating pluripotency of stem cells,11/143,2.041064166231345e-06,3.0070640006309136e-06,0,0,6.782849239280774,88.86915686497603,NRAS;PIK3CA;PIK3R3;PIK3CD;PIK3R2;GRB2;KRAS;PIK3R1;PIK3CB;RAF1;HRAS
KEGG_2021_Human,Signaling pathways regulating pluripotency of stem cells,11/143,2.041064166231345e-06,3.0070640006309136e-06,0,0,6.782849239280774,88.86915686497603,NRAS;PIK3CA;PIK3R3;PIK3CD;PIK3R2;GRB2;KRAS;PIK3R1;PIK3CB;RAF1;HRAS
KEGG_2021_Human,Amphetamine addiction,8/69,2.4487907978662857e-06,3.580428969607524e-06,0,0,10.581564095673206,136.71292145653427,PRKCG;CALML5;CALML6;PRKCB;CALML3;PRKCA;CALM3;CALML4
GO_Biological_Process_2021,Amphetamine addiction,8/69,2.4487907978662857e-06,3.580428969607524e-06,0,0,10.581564095673206,136.71292145653427,PRKCG;CALML5;CALML6;PRKCB;CALML3;PRKCA;CALM3;CALML4
GO_Biological_Process_2021,Epithelial cell signaling in Helicobacter pylori infection,8/70,2.734957108910609e-06,3.96877234601314e-06,0,0,10.410364886303544,133.35047388770008,CDC42;LYN;SRC;PLCG2;CSK;PTPN11;RAC1;PLCG1
KEGG_2021_Human,Epithelial cell signaling in Helicobacter pylori infection,8/70,2.734957108910609e-06,3.96877234601314e-06,0,0,10.410364886303544,133.35047388770008,CDC42;LYN;SRC;PLCG2;CSK;PTPN11;RAC1;PLCG1
KEGG_2021_Human,Primary immunodeficiency,6/38,7.422908913394585e-06,1.0691204628993696e-05,0,0,15.027439024390244,177.48817376961657,ZAP70;LCK;CD19;BLNK;BTK;ICOS
GO_Biological_Process_2021,Primary immunodeficiency,6/38,7.422908913394585e-06,1.0691204628993696e-05,0,0,15.027439024390244,177.48817376961657,ZAP70;LCK;CD19;BLNK;BTK;ICOS
KEGG_2021_Human,Wnt signaling pathway,11/166,8.635252372780937e-06,1.2345212651457191e-05,0,0,5.769589077767368,67.27143325524275,PRKCG;PLCB3;PLCB4;PRKCB;RAC2;RAC3;PRKCA;RAC1;PLCB1;PLCB2;RHOA
GO_Biological_Process_2021,Wnt signaling pathway,11/166,8.635252372780937e-06,1.2345212651457191e-05,0,0,5.769589077767368,67.27143325524275,PRKCG;PLCB3;PLCB4;PRKCB;RAC2;RAC3;PRKCA;RAC1;PLCB1;PLCB2;RHOA
GO_Biological_Process_2021,Toxoplasmosis,9/112,1.2332848483347652e-05,1.7501762921221302e-05,0,0,7.064005753326142,79.84618239150694,ITGB1;PDPK1;GNAI3;LAMC2;PIK3R6;PIK3CG;GNAI1;PIK3R5;GNAI2
KEGG_2021_Human,Toxoplasmosis,9/112,1.2332848483347652e-05,1.7501762921221302e-05,0,0,7.064005753326142,79.84618239150694,ITGB1;PDPK1;GNAI3;LAMC2;PIK3R6;PIK3CG;GNAI1;PIK3R5;GNAI2
KEGG_2021_Human,AMPK signaling pathway,9/120,2.1509177235568097e-05,3.0301249682223668e-05,0,0,6.552218885552219,70.41689860210415,PIK3CA;PDPK1;IRS4;PIK3R3;PIK3CD;IRS2;PIK3R2;PIK3R1;PIK3CB
GO_Biological_Process_2021,AMPK signaling pathway,9/120,2.1509177235568097e-05,3.0301249682223668e-05,0,0,6.552218885552219,70.41689860210415,PIK3CA;PDPK1;IRS4;PIK3R3;PIK3CD;IRS2;PIK3R2;PIK3R1;PIK3CB
GO_Biological_Process_2021,Human T-cell leukemia virus 1 infection,12/219,2.307056822053584e-05,3.2265359902633456e-05,0,0,4.720048309178744,50.39573327421394,NRAS;DLG1;PIK3CA;LCK;PTEN;PIK3R3;PIK3CD;PIK3R2;KRAS;PIK3R1;PIK3CB;HRAS
KEGG_2021_Human,Human T-cell leukemia virus 1 infection,12/219,2.307056822053584e-05,3.2265359902633456e-05,0,0,4.720048309178744,50.39573327421394,NRAS;DLG1;PIK3CA;LCK;PTEN;PIK3R3;PIK3CD;PIK3R2;KRAS;PIK3R1;PIK3CB;HRAS
KEGG_2021_Human,Mitophagy,7/68,2.3367314334821964e-05,3.2445263788637694e-05,0,0,9.221077283372365,98.33515726761048,NRAS;MRAS;RRAS;SRC;RRAS2;KRAS;HRAS
GO_Biological_Process_2021,Mitophagy,7/68,2.3367314334821964e-05,3.2445263788637694e-05,0,0,9.221077283372365,98.33515726761048,NRAS;MRAS;RRAS;SRC;RRAS2;KRAS;HRAS
GO_Biological_Process_2021,Phototransduction,5/28,2.366516998547101e-05,3.262412719425646e-05,0,0,17.360499911987326,184.9154726497317,CALML5;CALML6;CALML3;CALM3;CALML4
KEGG_2021_Human,Phototransduction,5/28,2.366516998547101e-05,3.262412719425646e-05,0,0,17.360499911987326,184.9154726497317,CALML5;CALML6;CALML3;CALM3;CALML4
KEGG_2021_Human,Oocyte meiosis,9/129,3.821433340731073e-05,5.230756274901398e-05,0,0,6.058024691358025,61.62404391752703,CALML5;PLCZ1;CALML6;ITPR1;ITPR2;CALML3;ITPR3;CALM3;CALML4
GO_Biological_Process_2021,Oocyte meiosis,9/129,3.821433340731073e-05,5.230756274901398e-05,0,0,6.058024691358025,61.62404391752703,CALML5;PLCZ1;CALML6;ITPR1;ITPR2;CALML3;ITPR3;CALM3;CALML4
GO_Biological_Process_2021,Coronavirus disease,12/232,4.061637436229878e-05,5.520394543608215e-05,0,0,4.438181818181818,44.87596207561408,PRKCG;SYK;PIK3CA;PRKCB;PLCG2;PIK3R3;PIK3CD;PRKCA;PIK3R2;PIK3R1;PLCG1;PIK3CB
KEGG_2021_Human,Coronavirus disease,12/232,4.061637436229878e-05,5.520394543608215e-05,0,0,4.438181818181818,44.87596207561408,PRKCG;SYK;PIK3CA;PRKCB;PLCG2;PIK3R3;PIK3CD;PRKCA;PIK3R2;PIK3R1;PLCG1;PIK3CB
KEGG_2021_Human,Hippo signaling pathway,10/163,4.302554472588165e-05,5.806944148318293e-05,0,0,5.292227083670934,53.20655104531856,RASSF1;PRKCI;DLG1;PARD6B;PARD6A;PARD3;PARD6G;PRKCZ;LLGL1;LLGL2
GO_Biological_Process_2021,Hippo signaling pathway,10/163,4.302554472588165e-05,5.806944148318293e-05,0,0,5.292227083670934,53.20655104531856,RASSF1;PRKCI;DLG1;PARD6B;PARD6A;PARD3;PARD6G;PRKCZ;LLGL1;LLGL2
GO_Biological_Process_2021,Measles,9/139,6.852802260325774e-05,9.18465858501996e-05,0,0,5.589173789173789,53.59049511186933,PIK3CA;CD28;PIK3R3;MSN;PIK3CD;CBLB;PIK3R2;PIK3R1;PIK3CB
KEGG_2021_Human,Measles,9/139,6.852802260325774e-05,9.18465858501996e-05,0,0,5.589173789173789,53.59049511186933,PIK3CA;CD28;PIK3R3;MSN;PIK3CD;CBLB;PIK3R2;PIK3R1;PIK3CB
KEGG_2021_Human,Parkinson disease,12/249,8.022534420205293e-05,0.00010678269952411182,0,0,4.1162447257383965,38.81895009535919,CALML5;CALML6;GNAI3;ITPR1;ITPR2;CALML3;CALM3;ITPR3;CALML4;PLCG1;GNAI1;GNAI2
GO_Biological_Process_2021,Parkinson disease,12/249,8.022534420205293e-05,0.00010678269952411182,0,0,4.1162447257383965,38.81895009535919,CALML5;CALML6;GNAI3;ITPR1;ITPR2;CALML3;CALM3;ITPR3;CALML4;PLCG1;GNAI1;GNAI2
GO_Biological_Process_2021,Thyroid cancer,5/37,9.569253717818798e-05,0.00012649766900952247,0,0,12.472165991902834,115.42204183326052,RET;NRAS;BRAF;KRAS;HRAS
KEGG_2021_Human,Thyroid cancer,5/37,9.569253717818798e-05,0.00012649766900952247,0,0,12.472165991902834,115.42204183326052,RET;NRAS;BRAF;KRAS;HRAS
KEGG_2021_Human,Tuberculosis,10/180,9.895747667702376e-05,0.00012992376189568423,0,0,4.7588721438988815,43.8807050057586,CALML5;SYK;CALML6;SRC;CALML3;CALM3;PIK3C3;CALML4;RAF1;RHOA
GO_Biological_Process_2021,Tuberculosis,10/180,9.895747667702376e-05,0.00012992376189568423,0,0,4.7588721438988815,43.8807050057586,CALML5;SYK;CALML6;SRC;CALML3;CALM3;PIK3C3;CALML4;RAF1;RHOA
KEGG_2021_Human,GABAergic synapse,7/89,0.00013273903158099847,0.00017309887226441014,0,0,6.852264808362369,61.1710280808283,PRKCG;PRKCB;SRC;GNAI3;PRKCA;GNAI1;GNAI2
GO_Biological_Process_2021,GABAergic synapse,7/89,0.00013273903158099847,0.00017309887226441014,0,0,6.852264808362369,61.1710280808283,PRKCG;PRKCB;SRC;GNAI3;PRKCA;GNAI1;GNAI2
GO_Biological_Process_2021,Non-alcoholic fatty liver disease,9/155,0.0001578452852743096,0.00020445731582511244,0,0,4.972602739726027,43.5296433134634,CDC42;PIK3CA;PIK3R3;PIK3CD;IRS2;PIK3R2;PIK3R1;PIK3CB;RAC1
KEGG_2021_Human,Non-alcoholic fatty liver disease,9/155,0.0001578452852743096,0.00020445731582511244,0,0,4.972602739726027,43.5296433134634,CDC42;PIK3CA;PIK3R3;PIK3CD;IRS2;PIK3R2;PIK3R1;PIK3CB;RAC1
GO_Biological_Process_2021,Influenza A,9/172,0.00034290723358464136,0.00044120730721223855,0,0,4.450124971597364,35.50332221485604,PIK3CA;PRKCB;PIK3R3;PIK3CD;PRKCA;PIK3R2;PIK3R1;PIK3CB;RAF1
KEGG_2021_Human,Influenza A,9/172,0.00034290723358464136,0.00044120730721223855,0,0,4.450124971597364,35.50332221485604,PIK3CA;PRKCB;PIK3R3;PIK3CD;PRKCA;PIK3R2;PIK3R1;PIK3CB;RAF1
KEGG_2021_Human,Toll-like receptor signaling pathway,7/104,0.0003488735479633988,0.0004459112235558673,0,0,5.788217967599411,46.07885154774026,PIK3CA;PIK3R3;PIK3CD;PIK3R2;PIK3R1;PIK3CB;RAC1
GO_Biological_Process_2021,Toll-like receptor signaling pathway,7/104,0.0003488735479633988,0.0004459112235558673,0,0,5.788217967599411,46.07885154774026,PIK3CA;PIK3R3;PIK3CD;PIK3R2;PIK3R1;PIK3CB;RAC1
GO_Biological_Process_2021,NOD-like receptor signaling pathway,9/181,0.0004975329502878762,0.0006317359171418429,0,0,4.215331610680448,32.061174753926565,PLCB3;PLCB4;PRKCD;ITPR1;ITPR2;ITPR3;PLCB1;PLCB2;RHOA
KEGG_2021_Human,NOD-like receptor signaling pathway,9/181,0.0004975329502878762,0.0006317359171418429,0,0,4.215331610680448,32.061174753926565,PLCB3;PLCB4;PRKCD;ITPR1;ITPR2;ITPR3;PLCB1;PLCB2;RHOA
KEGG_2021_Human,Morphine addiction,6/91,0.0010283559574645,0.0012972071881742,0,0,5.642180774748924,38.81704093187688,PRKCG;PRKCB;GNAI3;PRKCA;GNAI1;GNAI2
GO_Biological_Process_2021,Morphine addiction,6/91,0.0010283559574645,0.0012972071881742,0,0,5.642180774748924,38.81704093187688,PRKCG;PRKCB;GNAI3;PRKCA;GNAI1;GNAI2
GO_Biological_Process_2021,TNF signaling pathway,6/112,0.0029670174141493,0.0037184049411092,0,0,4.519558214450069,26.304723989818672,PIK3CA;PIK3R3;PIK3CD;PIK3R2;PIK3R1;PIK3CB
KEGG_2021_Human,TNF signaling pathway,6/112,0.0029670174141493,0.0037184049411092,0,0,4.519558214450069,26.304723989818672,PIK3CA;PIK3R3;PIK3CD;PIK3R2;PIK3R1;PIK3CB
KEGG_2021_Human,Taste transduction,5/86,0.0046411057829509,0.0057789252652227,0,0,4.915029739591144,26.40748469098356,PLCB3;PLCB4;ITPR3;PLCB1;PLCB2
GO_Biological_Process_2021,Taste transduction,5/86,0.0046411057829509,0.0057789252652227,0,0,4.915029739591144,26.40748469098356,PLCB3;PLCB4;ITPR3;PLCB1;PLCB2
GO_Biological_Process_2021,Glycerolipid metabolism,4/61,0.0073225635037709,0.0090593253604345,0,0,5.571873231465761,27.395757369083125,DGKG;DGKA;DGKQ;DGKZ
KEGG_2021_Human,Glycerolipid metabolism,4/61,0.0073225635037709,0.0090593253604345,0,0,5.571873231465761,27.395757369083125,DGKG;DGKA;DGKQ;DGKZ
KEGG_2021_Human,Glycerophospholipid metabolism,5/98,0.0080179684637236,0.0098564835254691,0,0,4.278220364807801,20.646991802880688,DGKG;DGKA;DGKQ;CDIPT;DGKZ
GO_Biological_Process_2021,Glycerophospholipid metabolism,5/98,0.0080179684637236,0.0098564835254691,0,0,4.278220364807801,20.646991802880688,DGKG;DGKA;DGKQ;CDIPT;DGKZ
GO_Biological_Process_2021,Phagosome,6/152,0.0127225213914798,0.0155408014465544,0,0,3.274640828600067,14.291781910800534,ITGB1;PIKFYVE;HGS;ITGA2;PIK3C3;RAC1
KEGG_2021_Human,Phagosome,6/152,0.0127225213914798,0.0155408014465544,0,0,3.274640828600067,14.291781910800534,ITGB1;PIKFYVE;HGS;ITGA2;PIK3C3;RAC1
KEGG_2021_Human,Huntington disease,9/306,0.0159107528802356,0.0193130522382735,0,0,2.425614166354907,10.043886398194642,PLCB3;PLCB4;GNAQ;CLTC;ITPR1;AP2A1;PIK3C3;PLCB1;PLCB2
GO_Biological_Process_2021,Huntington disease,9/306,0.0159107528802356,0.0193130522382735,0,0,2.425614166354907,10.043886398194642,PLCB3;PLCB4;GNAQ;CLTC;ITPR1;AP2A1;PIK3C3;PLCB1;PLCB2
GO_Biological_Process_2021,Cocaine addiction,3/49,0.023796207640301,0.0287041754661131,0,0,5.160293347302252,19.290358517251548,GNAI3;GNAI1;GNAI2
KEGG_2021_Human,Cocaine addiction,3/49,0.023796207640301,0.0287041754661131,0,0,5.160293347302252,19.290358517251548,GNAI3;GNAI1;GNAI2
KEGG_2021_Human,Vibrio cholerae infection,3/50,0.0250854565641033,0.0300713858190803,0,0,5.050243527300692,18.612505965510472,PLCG2;PRKCA;PLCG1
GO_Biological_Process_2021,Vibrio cholerae infection,3/50,0.0250854565641033,0.0300713858190803,0,0,5.050243527300692,18.612505965510472,PLCG2;PRKCA;PLCG1
GO_Biological_Process_2021,Th1 and Th2 cell differentiation,4/92,0.0290485709003568,0.0346072480479559,0,0,3.603372434017595,12.751563891205697,ZAP70;LCK;PLCG1;LAT
KEGG_2021_Human,Th1 and Th2 cell differentiation,4/92,0.0290485709003568,0.0346072480479559,0,0,3.603372434017595,12.751563891205697,ZAP70;LCK;PLCG1;LAT
KEGG_2021_Human,Th17 cell differentiation,4/107,0.0464779519554681,0.0550321762417506,0,0,3.0762605699968684,9.440358391766845,ZAP70;LCK;PLCG1;LAT
GO_Biological_Process_2021,Th17 cell differentiation,4/107,0.0464779519554681,0.0550321762417506,0,0,3.0762605699968684,9.440358391766845,ZAP70;LCK;PLCG1;LAT
